year,year_index,month,date,area,regnames,country_code,country_index,country,dengue_case,pre_case,mt,st,rh,cp,tp,si,c1,c2,c3,c4,c5,c6,c7,c8,Residential,Workplace,Transit,Park,Grocery,Retail,non_Residential,dengue_case.l1,proportion_year,proportion_season,GDP_per_capita,population,dengue_case.l1yr,cases2013-2019,proportion_annual
2020,7,1,2020/1/1,all,SEA,1,10,Thailand,3856,12880.00239,26.58802,26.932404,68.0525,5.525211673,6.972772441,0,0,0,0,0,0,0,0,0,100,100,100,100,100,100,100,4774,0.193785885,0.054086656,6502.647476,69799978,131157,676814,34469
2020,7,2,2020/2/1,all,SEA,1,10,Thailand,2774,9351.314187,27.09621,27.466948,62.78754,6.742578906,9.478048514,0,0,0,0,0,0,0,0,0,101.6666667,101.2666667,94.1333333,93.6,100.8,96.8,97.32,3856,0.193785885,0.038909851,6502.647476,69799978,131157,676814,34469
2020,7,3,2020/3/1,all,SEA,1,10,Thailand,2529,9856.163219,29.42389,30.124708,65.72816,30.85112068,34.93847859,35.90258065,46.77419355,27.41935484,53.22580645,32.25806452,0,11.82795699,14.51612903,53.22580645,107.4516129,89.2258065,72.7096774,77.6129032,95.3870968,81.2903226,83.2451613,2774,0.193785885,0.035473328,6502.647476,69799978,131157,676814,34469
2020,7,4,2020/4/1,all,SEA,1,10,Thailand,3107,13092.3164,29.91919,30.714632,66.8047,59.41470153,70.49735269,76.264,100,82.22222222,98.33333333,74.16666667,23.33333333,33.33333333,75,100,117.5666667,70.8666667,40.1666667,51.9666667,81.7333333,52.9333333,59.53333334,2529,0.193785885,0.043580716,6502.647476,69799978,131157,676814,34469
2020,7,5,2020/5/1,all,SEA,1,10,Thailand,5737,21120.55075,30.55429,31.109606,71.08701,92.375852,111.3007717,75,100,66.66666667,100,75,25,33.33333333,75,100,113.3225806,77.3548387,56.4516129,64.1290323,99.2903226,65.7419355,72.5935484,3107,0.193785885,0.080470733,6502.647476,69799978,131157,676814,34469
2020,7,6,2020/6/1,all,SEA,1,10,Thailand,9175,36569.78524,29.06065,28.842613,77.4785,135.261082,178.6933259,62.99333333,82.22222222,38.88888889,58.33333333,54.16666667,25,33.33333333,75,100,108.9,82.6666667,67.3333333,76.5666667,103.9,84.5666667,83.00666668,5737,0.193785885,0.128694262,6502.647476,69799978,131157,676814,34469
2020,7,7,2020/7/1,all,SEA,1,10,Thailand,15711,46906.58605,28.93933,28.764524,77.4315,148.1425083,177.5237081,52.78,33.33333333,33.33333333,50,50,25,33.33333333,75,75,105.516129,81.8387097,72.2580645,92.1935484,104.8064516,95.3870968,89.2967742,9175,0.193785885,0.220372267,6502.647476,69799978,131157,676814,34469
2020,7,8,2020/8/1,all,SEA,1,10,Thailand,12469,50629.87365,28.27756,27.597334,80.01927,133.5723974,219.9856551,51.16580645,33.33333333,33.33333333,50,50,25,33.33333333,60.48387097,75,104.1935484,89.2580645,71.8709677,83.2580645,100.2580645,92.3870968,87.4064516,15711,0.193785885,0.174897956,6502.647476,69799978,131157,676814,34469
2020,7,9,2020/9/1,all,SEA,1,10,Thailand,7902,38357.46172,28.26969,27.755451,82.05768,172.0615787,267.165916,46.386,33.33333333,33.33333333,50,50,5,33.33333333,37.5,75,102.8,88.3,73.7666667,82.4666667,98.7,91.2666667,86.90000002,12469,0.193785885,0.110838371,6502.647476,69799978,131157,676814,34469
2020,7,10,2020/10/1,all,SEA,1,10,Thailand,4281,32806.63249,26.34717,25.146692,83.35703,130.517032,280.0481111,47.22,33.33333333,33.33333333,50,50,0,33.33333333,50,75,101.7419355,87.9354839,72.8387097,77.2580645,97.5806452,88.3870968,84.80000002,7902,0.193785885,0.060047971,6502.647476,69799978,131157,676814,34469
2020,7,11,2020/11/1,all,SEA,1,10,Thailand,2813,26593.09926,26.66185,25.532835,73.38425,46.61613641,62.60596617,48.054,33.33333333,33.33333333,50,50,15,33.33333333,50,67.5,100.2,88.1666667,77.2333333,82.0333333,104.2333333,96.1,89.55333332,4281,0.193785885,0.039456889,6502.647476,69799978,131157,676814,34469
2020,7,12,2020/12/1,all,SEA,1,10,Thailand,939,16696.55239,24.93883,24.537174,69.52872,22.31718446,43.0933603,54.92870968,51.07526882,51.07526882,50,50,50,33.33333333,58.87096774,50,101.7741935,88.3225806,73,86.7419355,106.9677419,94,89.8064516,2813,0.193785885,0.013170999,6502.647476,69799978,131157,676814,34469
2020,7,1,2020/1/1,all,SEA,2,9,Laos,214,338.4912536,21.70066,21.075788,70.91994,9.653928632,12.75346743,0,0,0,0,0,0,0,0,0,100,100,100,100,100,100,100,21,0.355910878,0.028329362,1840.504353,7275556,38753,108884,23198
2020,7,2,2020/2/1,all,SEA,2,9,Laos,219,303.6256789,22.38649,21.820564,65.07803,3.663016257,5.255458272,0,0,0,0,0,0,0,0,0,101.1333333,108.9333333,93.1333333,99.6,102.9333333,100.3333333,100.9866666,214,0.355910878,0.028991263,1840.504353,7275556,38753,108884,23198
2020,7,3,2020/3/1,all,SEA,2,9,Laos,258,388.8005763,25.85492,25.502085,66.98174,40.61672517,46.07442717,18.87709677,41.93548387,26.88172043,37.09677419,6.451612903,6.451612903,4.301075269,6.451612903,33.87096774,104.3548387,100.1612903,82.2580645,95.0967742,96.4516129,86.6451613,92.12258064,219,0.355910878,0.034154091,1840.504353,7275556,38753,108884,23198
2020,7,4,2020/4/1,all,SEA,2,9,Laos,167,583.9292308,25.76817,25.283026,70.83974,74.47137525,86.73501163,96.3,100,100,100,100,100,66.66666667,100,100,116.3333333,61.3,35.7333333,82.6333333,63.4,44.9333333,57.59999998,258,0.355910878,0.022107493,1840.504353,7275556,38753,108884,23198
2020,7,5,2020/5/1,all,SEA,2,9,Laos,536,1332.864379,28.14804,27.66701,73.47591,99.50126318,121.3677746,72.04387097,84.94623656,69.89247312,100,88.70967742,43.5483871,6.451612903,54.83870968,100,106.4516129,89.7741935,61.7741935,90.7741935,88.1935484,72.8387097,80.67096772,167,0.355910878,0.070955785,1840.504353,7275556,38753,108884,23198
2020,7,6,2020/6/1,all,SEA,2,9,Laos,645,2371.144863,27.02836,26.051203,81.13282,149.1872618,194.0300251,39.65666667,34.44444444,0,100,50,0,0,0,72.5,102.4,101.5333333,78.6,94.5,99.6,90.9333333,93.03333332,536,0.355910878,0.085385226,1840.504353,7275556,38753,108884,23198
2020,7,7,2020/7/1,all,SEA,2,9,Laos,1294,3327.743187,26.86997,25.95395,83.09743,170.4417159,220.3087354,20.37,33.33333333,0,0,0,0,0,0,50,103.516129,99.0967742,78.6451613,95.4193548,101.1612903,94.3548387,93.73548386,645,0.355910878,0.171299974,1840.504353,7275556,38753,108884,23198
2020,7,8,2020/8/1,all,SEA,2,9,Laos,1616,3476.849353,25.68933,24.511118,87.83459,229.0123776,442.711565,36.11,33.33333333,66.66666667,50,0,0,0,0,75,104.7096774,94.9677419,79.9032258,92.0967742,101.4193548,93.4516129,92.36774192,1294,0.355910878,0.213926397,1840.504353,7275556,38753,108884,23198
2020,7,9,2020/9/1,all,SEA,2,9,Laos,1066,2794.782885,26.26351,24.975922,86.05105,177.4405582,277.9469839,36.11,33.33333333,66.66666667,50,0,0,0,0,75,104.9,93.8666667,76.4666667,90.2,96.5333333,92.1666667,89.84666668,1616,0.355910878,0.141117289,1840.504353,7275556,38753,108884,23198
2020,7,10,2020/10/1,all,SEA,2,9,Laos,874,2537.265051,23.63192,22.054373,84.66209,122.3414231,300.3971976,36.11,33.33333333,66.66666667,50,0,0,0,0,75,103.516129,89.0645161,72.8709677,73.5806452,95.516129,90.2258065,84.2516129,1066,0.355910878,0.115700291,1840.504353,7275556,38753,108884,23198
2020,7,11,2020/11/1,all,SEA,2,9,Laos,335,1427.508311,22.90709,21.38094,77.2252,14.99203157,31.91189026,33.20666667,32.22222222,66.66666667,48.33333333,0,0,0,0,51.66666667,103.1333333,93.8333333,69.9333333,73.6666667,95.1333333,88.3,84.17333332,874,0.355910878,0.044347366,1840.504353,7275556,38753,108884,23198
2020,7,12,2020/12/1,all,SEA,2,9,Laos,330,726.8822564,19.74499,18.635798,75.54104,2.181090966,5.290060099,29.63,0,66.66666667,0,0,0,0,0,100,105.1612903,92.2903226,76.6129032,83.9354839,103.9677419,91.2903226,89.61935484,335,0.355910878,0.043685465,1840.504353,7275557,38753,108884,23198
2020,7,1,2020/1/1,all,SEA,3,7,Vietnam,8700,12716.47417,22.75675,22.662037,77.04544,22.07358908,46.66178284,2.778387097,8.064516129,0,0,0,0,0,0,7.258064516,100,100,100,100,100,100,100,31578,0.34698583,0.071665102,2082.243694,97338579,320702,924251,188666
2020,7,2,2020/2/1,all,SEA,3,7,Vietnam,6047,8691.5064,22.90657,22.84836,74.80972,12.62177913,33.54924826,40.86689655,91.95402299,0,56.89655172,0,0,0,43.96551724,75,105.3333333,101.6666667,89.5333333,91.8666667,93.5333333,91.4666667,93.61333334,8700,0.34698583,0.049811364,2082.243694,97338579,320702,924251,188666
2020,7,3,2020/3/1,all,SEA,3,7,Vietnam,7582,8422.008772,25.34275,25.53335,77.44936,28.66951044,56.27236322,53.49290323,100,19.35483871,78.22580645,9.677419355,12.90322581,0,78.22580645,83.06451613,108.0322581,101.3548387,75.7419355,82.9677419,88.2258065,77.9354839,85.2451613,6047,0.34698583,0.062455724,2082.243694,97338579,320702,924251,188666
2020,7,4,2020/4/1,all,SEA,3,7,Vietnam,2926,8649.976386,25.4098,25.393595,78.74545,61.19947385,93.78244319,88.814,100,86.11111111,100,89.58333333,90,42.77777778,90.83333333,100,116.2,77.9666667,47.8,64.9,70.1,49.1666667,61.98666668,7582,0.34698583,0.024102539,2082.243694,97338579,320702,924251,188666
2020,7,5,2020/5/1,all,SEA,3,7,Vietnam,6684,10720.6826,28.9622,29.097672,78.02027,115.2448984,131.3158169,71.47354839,51.61290323,66.66666667,100,75,50,0,100,100,105.516129,105.4193548,94.2903226,72.6129032,104.6129032,79.5806452,91.3032258,2926,0.34698583,0.055058568,2082.243694,97338579,320702,924251,188666
2020,7,6,2020/6/1,all,SEA,3,7,Vietnam,5658,16024.19064,28.98416,28.520828,78.82788,160.6917463,197.8772325,63.331,33.33333333,66.66666667,75,75,50,0,75,95,103.7666667,112.5333333,95.5666667,80.3,106.6,86.6,96.32,6684,0.34698583,0.046607028,2082.243694,97338579,320702,924251,188666
2020,7,7,2020/7/1,all,SEA,3,7,Vietnam,10860,23556.51991,28.70037,28.3641,80.30054,160.8760744,188.1120167,58.54580645,41.39784946,67.74193548,54.03225806,74.19354839,53.22580645,8.064516129,53.22580645,75,103.4516129,101.7419355,96.1290323,86.9032258,106.7096774,90.8387097,96.46451614,5658,0.34698583,0.089457816,2082.243694,97338579,320702,924251,188666
2020,7,8,2020/8/1,all,SEA,3,7,Vietnam,12041,37270.40767,27.84181,27.246536,83.50298,205.2358685,320.979969,77.25354839,83.33333333,83.33333333,75,78.62903226,75,50,75,75,107.0322581,97.3870968,79.0645161,78.6451613,101.3870968,80.3870968,87.37419356,10860,0.34698583,0.099186148,2082.243694,97338579,320702,924251,188666
2020,7,9,2020/9/1,all,SEA,3,7,Vietnam,19690,39590.58934,27.47144,27.006577,84.33997,225.8209522,289.8806991,72.17833333,54.44444444,80.55555556,62.5,85.41666667,75,50,66.66666667,75,101,103.1333333,87.7,82.3666667,105.2666667,86.3666667,92.96666668,12041,0.34698583,0.162193776,2082.243694,97338579,320702,924251,188666
2020,7,10,2020/10/1,all,SEA,3,7,Vietnam,13829,44521.31292,24.91699,24.179228,83.04141,190.6743719,412.5661314,55.56,33.33333333,66.66666667,0,75,75,50,25,75,95.5483871,104.5806452,92.6451613,76.0645161,100.9354839,82.8064516,91.40645162,19690,0.34698583,0.113914562,2082.243694,97338579,320702,924251,188666
2020,7,11,2020/11/1,all,SEA,3,7,Vietnam,13958,39256.62062,24.46181,23.69005,78.96157,62.75878041,149.8944112,45.62,33.33333333,58.88888889,23.33333333,63.33333333,5,50,1.666666667,75,92.3666667,105.3666667,93.4333333,75.7333333,100.6,85,92.02666666,13829,0.34698583,0.114977182,2082.243694,97338579,320702,924251,188666
2020,7,12,2020/12/1,all,SEA,3,7,Vietnam,13423,26060.90254,21.7086,20.933191,75.2952,36.69234816,72.04276534,53.47645161,80.10752688,50,50,62.5,0,50,0,88.70967742,94.8387097,109.8709677,94.7419355,81.7096774,105.9032258,86.0967742,95.66451612,13958,0.34698583,0.110570191,2082.243694,97338579,320702,924251,188666
2020,7,1,2020/1/1,all,SEA,4,8,Cambodia,928,2280.722934,27.12595,27.452007,66.14643,2.750380739,3.594238,0,0,0,0,0,0,0,0,0,100,100,100,100,100,100,100,1149,0.33077688,0.07748184,1268.971602,16718965,28940,87491,16441
2020,7,2,2020/2/1,all,SEA,4,8,Cambodia,551,1608.663316,27.52085,28.003546,59.90346,1.780455679,2.375294,0,0,0,0,0,0,0,0,0,101.4666667,105.0666667,79.7333333,100.1333333,99,99.4,96.66666666,928,0.33077688,0.046004843,1268.971602,16718965,28940,87491,16441
2020,7,3,2020/3/1,all,SEA,4,8,Cambodia,413,1973.159714,30.03278,30.736586,64.12202,10.28659052,13.84883,31.90064516,80.64516129,32.25806452,60.48387097,48.38709677,0,0,0,45.96774194,106.3548387,92.6451613,64.9677419,85.4193548,89.8709677,81.3870968,82.8580645,551,0.33077688,0.034482759,1268.971602,16718965,28940,87491,16441
2020,7,4,2020/4/1,all,SEA,4,8,Cambodia,311,3000.660871,30.08962,30.38458,68.57162,62.71687727,68.65124,60.46533333,100,66.66666667,95,100,0,0,26.66666667,55.83333333,111.9333333,72.3333333,43.7666667,73.8,74.7666667,61.3666667,65.20666668,413,0.33077688,0.025966436,1268.971602,16718965,28940,87491,16441
2020,7,5,2020/5/1,all,SEA,4,8,Cambodia,559,5117.585152,30.7667,31.307993,70.93054,89.03393166,97.29654,57.41,100,66.66666667,100,100,0,0,0,50,109.0322581,79,54.0967742,84.8387097,84.3870968,74.4516129,75.35483872,311,0.33077688,0.04667279,1268.971602,16718965,28940,87491,16441
2020,7,6,2020/6/1,all,SEA,4,8,Cambodia,917,10867.2643,28.97243,28.453829,79.34169,171.571021,217.7216,40.74,100,66.66666667,0,50,0,0,0,50,107.4,83.2666667,57.7,85.0666667,87.7333333,80.9333333,78.94,559,0.33077688,0.076563413,1268.971602,16718965,28940,87491,16441
2020,7,7,2020/7/1,all,SEA,4,8,Cambodia,2081,14927.74194,28.69378,28.191399,80.56673,146.6387351,182.3161,39.30774194,100,53.76344086,0,50,0,0,0,50,107.2580645,83.0967742,57.7741935,84.6129032,89.6774194,84.2580645,79.88387096,917,0.33077688,0.173749687,1268.971602,16718965,28940,87491,16441
2020,7,8,2020/8/1,all,SEA,4,8,Cambodia,1840,18221.8662,28.29219,27.721657,80.59764,127.5362174,180.7007,45.51709677,100,63.97849462,0,50,0,31.1827957,0,64.51612903,106.8064516,76.8709677,60.1290323,90.6451613,90.6774194,86.3870968,80.9419355,2081,0.33077688,0.153627787,1268.971602,16718965,28940,87491,16441
2020,7,9,2020/9/1,all,SEA,4,8,Cambodia,1770,12712.15357,28.0247,27.6548,82.5182,189.4617887,267.946,38.52,46.66666667,66.66666667,0,50,0,33.33333333,0,50,106.9666667,73.3666667,59.1,89.6666667,90.2666667,84.8,79.44000002,1840,0.33077688,0.147783251,1268.971602,16718965,28940,87491,16441
2020,7,10,2020/10/1,all,SEA,4,8,Cambodia,1081,9610.463907,26.33167,25.607748,85.40629,166.4988221,348.4676,35.60516129,33.33333333,66.66666667,0,50,0,33.33333333,0,37.09677419,108.1612903,79.6451613,58.0967742,82.2258065,90.6451613,85.9677419,79.31612904,1770,0.33077688,0.090256325,1268.971602,16718965,28940,87491,16441
2020,7,11,2020/11/1,all,SEA,4,8,Cambodia,826,6531.544597,26.82516,25.932863,76.02636,35.5612921,62.05275,40.05966667,34.44444444,66.66666667,36.66666667,50.83333333,0,34.44444444,0,37.5,108.1666667,83.7666667,58.6666667,84.2666667,89.2333333,85.3666667,80.26000002,1081,0.33077688,0.068965517,1268.971602,16718965,28940,87491,16441
2020,7,12,2020/12/1,all,SEA,4,8,Cambodia,700,3851.677173,26.37849,25.788721,68.41978,16.70908029,21.18077,57.01709677,66.66666667,66.66666667,100,75,0,54.83870968,0,50,112.3548387,80.1290323,55.4516129,86.0967742,86.1612903,75.0645161,76.58064516,826,0.33077688,0.058445354,1268.971602,16718965,28940,87491,16441
2020,7,1,2020/1/1,all,SEA,5,21,Philippines,23528,32726.90703,25.99075,25.945642,80.41386,37.37057774,72.69785,3.135806452,0,0,0,0,0,0,0,2.419354839,100,100,100,100,100,100,100,5468,0.26421858,0.283398176,3337.68201,109581078,373692,1414329,171645
2020,7,2,2020/2/1,all,SEA,5,21,Philippines,15689,21327.43994,25.63851,25.668043,77.16069,32.59527865,60.78539,23.84965517,0,0,39.65517241,0,0,0,0,75,101.1333333,102.5333333,95.6,98.6,100.3333333,100,99.41333332,23528,0.26421858,0.188976283,3337.68201,109581078,373692,1414329,171645
2020,7,3,2020/3/1,all,SEA,5,21,Philippines,7966,15385.55821,27.07609,27.542719,76.12083,33.12950222,54.56957,64.84451613,68.27956989,50,75,52.41935484,52.41935484,50,52.41935484,83.06451613,116.7741935,68.1935484,54.8387097,73.1612903,77.6774194,59.7419355,66.72258066,15689,0.26421858,0.095951627,3337.68201,109581078,373692,1414329,171645
2020,7,4,2020/4/1,all,SEA,5,21,Philippines,2523,13818.03202,28.064,28.95469,74.92062,34.77756328,47.38043,100,100,100,100,100,100,100,100,100,134.0333333,31.0666667,15.8,46.8666667,40.8,20.1333333,30.93333334,7966,0.26421858,0.030389901,3337.68201,109581078,373692,1414329,171645
2020,7,5,2020/5/1,all,SEA,5,21,Philippines,2334,16851.62202,28.54843,29.161505,79.54301,142.5807713,220.3083,94.50774194,100,96.77419355,100,100,95.16129032,63.44086022,95.16129032,100,129.6774194,44.2580645,26.516129,46.2580645,57.5483871,24,39.71612902,2523,0.26421858,0.028113369,3337.68201,109581078,373692,1414329,171645
2020,7,6,2020/6/1,all,SEA,5,21,Philippines,3170,30835.35485,27.83948,28.314,81.44993,209.8403022,284.0514,80.74,100,66.66666667,100,100,50,60,50,100,123.2333333,60.2333333,41.9666667,61.8333333,76.2333333,44.1333333,56.87999998,2334,0.26421858,0.03818311,3337.68201,109581078,373692,1414329,171645
2020,7,7,2020/7/1,all,SEA,5,21,Philippines,5342,59074.38144,27.49221,28.034914,82.25748,256.9676498,350.156,80.01903226,100,66.66666667,100,100,50,73.65591398,50,79.83870968,122.4516129,61.8709677,41.6774194,69.9677419,77.0322581,50.2258065,60.15483872,3170,0.26421858,0.064345166,3337.68201,109581078,373692,1414329,171645
2020,7,8,2020/8/1,all,SEA,5,21,Philippines,4352,72993.5785,27.21423,27.4071,83.72091,211.5675022,315.8963,75.11903226,100,66.66666667,86.29032258,94.35483871,73.38709677,36.02150538,50,69.35483871,123,60.8064516,38.0967742,71.4193548,74.3870968,47.7419355,58.49032258,5342,0.26421858,0.052420472,3337.68201,109581078,373692,1414329,171645
2020,7,9,2020/9/1,all,SEA,5,21,Philippines,5179,60504.50846,27.50764,27.83124,82.87343,202.5230893,269.4488,68.36333333,100,61.11111111,75,87.5,75,16.66666667,50,50,121,64.5666667,43.5666667,74.7333333,78.4333333,52.9,62.84,4352,0.26421858,0.062381807,3337.68201,109581078,373692,1414329,171645
2020,7,10,2020/10/1,all,SEA,5,21,Philippines,4620,53679.33945,26.81101,26.98837,85.13605,293.2233286,491.2837,69.21870968,85.48387097,50,75,87.5,75,50,50,50,120.0322581,67.0645161,46.1935484,69.0645161,82.1290323,53.6451613,63.61935484,5179,0.26421858,0.055648571,3337.68201,109581078,373692,1414329,171645
2020,7,11,2020/11/1,all,SEA,5,21,Philippines,5318,44470.05054,26.70063,26.50142,83.45834,127.2396282,260.9502,69.62866667,83.33333333,50,75,87.5,75,50,50,55.83333333,118.8333333,68.2333333,47.4666667,71.9333333,85.5,58.8,66.38666666,4620,0.26421858,0.064056082,3337.68201,109581078,373692,1414329,171645
2020,7,12,2020/12/1,all,SEA,5,21,Philippines,3000,31979.94787,26.44751,26.251785,84.41093,160.2220221,301.3026,64.81096774,83.33333333,50,75,74.19354839,50.80645161,50,50,50,117.8387097,70.3225806,57.483871,90.3870968,103.4516129,70.2903226,78.38709678,5318,0.26421858,0.036135436,3337.68201,109581078,373692,1414329,171645
2020,7,1,2020/1/1,all,SEA,6,23,Singapore,1548,2346.091077,27.14199,26.796734,83.92057,83.28971031,121.7136,20.60645161,0,0,0,50,0,0,0,38.70967742,100,100,100,100,100,100,100,1350,0.187000012,0.04398727,58829.63537,5850342,15685,83877,3703
2020,7,2,2020/2/1,all,SEA,6,23,Singapore,1604,2275.002492,27.30848,26.929434,82.09813,76.32589311,97.62422,29.40965517,0,0,39.65517241,50,0,0,0,75,106.8666667,96.6,85.6,92.4666667,89.7333333,87.7333333,90.42666666,1548,0.187000012,0.045578541,58829.63537,5850342,15685,83877,3703
2020,7,3,2020/3/1,all,SEA,6,23,Singapore,1670,1638.84128,27.95547,27.843489,81.57121,141.030322,157.4738,33.9616129,0,0,80.64516129,50,0,0,0,75,109.7096774,92.8387097,80.7419355,91.0967742,95.483871,86.4193548,89.31612904,1604,0.187000012,0.047453967,58829.63537,5850342,15685,83877,3703
2020,7,4,2020/4/1,all,SEA,6,23,Singapore,1555,1841.53162,28.066,28.080173,83.31975,226.2900574,260.005,69.25766667,76.66666667,80,100,50,0,56.66666667,85,75,134.9,46.1333333,39.2666667,49.1,83.1666667,44.8666667,52.50666668,1670,0.187000012,0.044186179,58829.63537,5850342,15685,83877,3703
2020,7,5,2020/5/1,all,SEA,6,23,Singapore,3326,2499.591293,28.2252,28.027403,85.21974,240.1484618,277.3874,74.46290323,100,78.49462366,100,50,0,66.66666667,100,75,139,40,34.8387097,36.6129032,81.0322581,36.2580645,45.7483871,1555,0.187000012,0.094510116,58829.63537,5850342,15685,83877,3703
2020,7,6,2020/6/1,all,SEA,6,23,Singapore,4584,3191.375764,27.57684,27.162691,85.5593,241.680637,316.6865,60.063,35.55555556,66.66666667,100,50,0,53.33333333,60,75,129.6,61.2666667,52.1666667,50.2,89.1333333,51.9333333,60.94,3326,0.187000012,0.130256877,58829.63537,5850342,15685,83877,3703
2020,7,7,2020/7/1,all,SEA,6,23,Singapore,7189,3255.521077,27.12462,26.823866,85.5722,210.0983636,268.7824,50.93,33.33333333,66.66666667,100,50,0,33.33333333,0,75,123.0645161,67.6774194,63.2258065,72.9354839,97.4516129,72.8709677,74.83225808,4584,0.187000012,0.204279382,58829.63537,5850342,15685,83877,3703
2020,7,8,2020/8/1,all,SEA,6,23,Singapore,4884,2871.904375,27.6595,27.27723,84.09556,143.7560734,161.277,50.93,33.33333333,66.66666667,100,50,0,33.33333333,0,75,117.8387097,76.8064516,67.2903226,83,98.0967742,77.8387097,80.60645162,7189,0.187000012,0.138781541,58829.63537,5850342,15685,83877,3703
2020,7,9,2020/9/1,all,SEA,6,23,Singapore,3619,2252.543395,26.90166,26.580145,85.94878,245.2148706,335.9764,50.93,33.33333333,66.66666667,100,50,0,33.33333333,0,75,116.0666667,80,68.7333333,82.6,98.0666667,80.7666667,82.03333334,4884,0.187000012,0.102835872,58829.63537,5850342,15685,83877,3703
2020,7,10,2020/10/1,all,SEA,6,23,Singapore,2566,2154.825922,27.73238,27.131691,83.47,121.9319082,158.208,45.37,33.33333333,66.66666667,50,50,0,33.33333333,0,75,114.3870968,85.3548387,72.516129,85.5483871,102.4516129,82.2903226,85.63225806,3619,0.187000012,0.072914299,58829.63537,5850342,15685,83877,3703
2020,7,11,2020/11/1,all,SEA,6,23,Singapore,1585,2179.718384,26.77142,26.6146,86.6844,285.4215093,463.4846,45.37,33.33333333,66.66666667,50,50,0,33.33333333,0,75,114.1333333,84.5,72.6666667,83.2333333,102.1,84.2333333,85.34666666,2566,0.187000012,0.045038645,58829.63537,5850342,15685,83877,3703
2020,7,12,2020/12/1,all,SEA,6,23,Singapore,1062,1913.093906,26.7757,26.569101,85.04261,206.4753363,251.688,47.88096774,33.33333333,66.66666667,50,72.58064516,0,33.33333333,0,75,113.9354839,80.0645161,74.9032258,96.3225806,105.516129,88.1612903,88.99354836,1585,0.187000012,0.030177313,58829.63537,5850342,15685,83877,3703
2020,7,1,2020/1/1,all,SEA,7,1,Malaysia,11713,12793.45487,27.17131,26.96941,78.85146,72.25061247,106.5051,6.271612903,0,0,0,0,0,0,0,4.838709677,100,100,100,100,100,100,100,5500,0.147035732,0.132491007,12478.21226,32365999,88583,602459,2517
2020,7,2,2020/2/1,all,SEA,7,1,Malaysia,11789,14142.35888,27.17456,26.915705,77.29354,75.13011426,110.7557,19.44,0,0,0,0,0,0,0,75,101.4,102.4,96,98.0666667,96.2,96.2,97.77333334,11713,0.147035732,0.133350678,12478.21226,32365999,88583,602459,2517
2020,7,3,2020/3/1,all,SEA,7,1,Malaysia,9972,12352.63442,27.66682,27.872465,79.44372,118.7682135,147.902,47.19225806,58.06451613,45.16129032,54.03225806,32.25806452,0,15.05376344,45.16129032,75,116.1935484,72.516129,64.4193548,72.6774194,82.3225806,63.9032258,71.16774192,11789,0.147035732,0.112797774,12478.21226,32365999,88583,602459,2517
2020,7,4,2020/4/1,all,SEA,7,1,Malaysia,5208,12245.27994,27.54403,27.676098,82.77074,214.3129251,259.5091,73.15,100,100,100,50,0,33.33333333,100,75,136,40.9666667,20.4666667,39.8,53.7333333,21.7666667,35.34666668,9972,0.147035732,0.058910029,12478.21226,32365999,88583,602459,2517
2020,7,5,2020/5/1,all,SEA,7,1,Malaysia,6727,13767.94003,27.76264,27.521463,84.75756,212.6767585,281.2301,71.41322581,100,69.89247312,100,57.25806452,0,33.33333333,100,82.25806452,123.9032258,61.6451613,41.6774194,52.2580645,83.5483871,41.1935484,56.06451614,5208,0.147035732,0.07609212,12478.21226,32365999,88583,602459,2517
2020,7,6,2020/6/1,all,SEA,7,1,Malaysia,7873,14799.25914,27.03711,26.804436,84.49421,171.8089098,215.8613,60.71166667,92.22222222,66.66666667,100,57.5,0,10,30,90,112.2,78.3666667,66.2,78.7,95.0666667,65.5,76.76666668,6727,0.147035732,0.089055042,12478.21226,32365999,88583,602459,2517
2020,7,7,2020/7/1,all,SEA,7,1,Malaysia,9288,14247.14878,26.61956,26.490389,84.93446,212.1173498,259.2656,49.73322581,55.91397849,66.66666667,100,50,0,0,0,75,107.5806452,82.7096774,75.9032258,93.6774194,100.1290323,78.1935484,86.12258066,7873,0.147035732,0.105060742,12478.21226,32365999,88583,602459,2517
2020,7,8,2020/8/1,all,SEA,7,1,Malaysia,6266,13954.04209,27.24565,27.033503,82.51005,120.6163018,141.7426,56.75258065,48.92473118,66.66666667,100,50,0,0,70.16129032,75,106.0645161,81.9677419,75.4193548,101.5806452,101.2580645,81.7741935,88.39999998,9288,0.147035732,0.070877542,12478.21226,32365999,88583,602459,2517
2020,7,9,2020/9/1,all,SEA,7,1,Malaysia,6394,12175.97314,26.57557,26.445618,84.55011,206.8439406,272.7733,55.37333333,38.88888889,67.77777778,100,50,0,0,75,66.66666667,106.3666667,85.8,74.1333333,92.9,99.4666667,81.6,86.78,6266,0.147035732,0.072325408,12478.21226,32365999,88583,602459,2517
2020,7,10,2020/10/1,all,SEA,7,1,Malaysia,5264,9236.992744,26.85643,26.442486,83.70119,156.0365379,213.4221,61.43967742,70.43010753,73.65591398,100,50,4.838709677,29.03225806,75,50,112.5483871,80.5483871,55.483871,72.9032258,94.4516129,69.483871,74.57419356,6394,0.147035732,0.05954347,12478.21226,32365999,88583,602459,2517
2020,7,11,2020/11/1,all,SEA,7,1,Malaysia,4221,12389.21336,26.22829,26.053207,86.83666,278.0427851,393.4184,78.51633333,95,80,100,85,25,50,75,96.66666667,116.6333333,76.7,45.4333333,63.7333333,90.4333333,65.4666667,68.35333332,5264,0.147035732,0.047745628,12478.21226,32365999,88583,602459,2517
2020,7,12,2020/12/1,all,SEA,7,1,Malaysia,3691,12197.5425,26.07425,25.77053,85.45343,189.8711335,263.437,69.6383871,100,69.89247312,59.67741935,87.5,45.16129032,50,34.67741935,79.83870968,112.4193548,76.4193548,61.0645161,86.2580645,97.3870968,75.3870968,79.3032258,4221,0.147035732,0.04175056,12478.21226,32365999,88583,602459,2517
2020,7,1,2020/1/1,all,LA,8,18,Belize,546,82.34682829,24.5491,24.168125,82.90128,52.82941784,79.83701,0,0,0,0,0,0,0,0,0,100,100,100,100,100,100,100,1057,0.360523072,0.199197373,4149.861906,397628,13454,37318,8123
2020,7,2,2020/2/1,all,LA,8,18,Belize,360,73.08286504,25.63683,25.329334,77.95747,27.30851879,36.87438,5.364137931,0,0,0,0,0,0,0,24.13793103,99.8,101,109.9333333,110.9333333,100.7333333,103.4666667,105.2133333,546,0.360523072,0.131338927,4149.861906,397628,13454,37318,8123
2020,7,3,2020/3/1,all,LA,8,18,Belize,485,71.71566995,26.37367,26.037537,75.92625,28.30817672,44.47151,33.24451613,38.70967742,6.451612903,51.61290323,38.70967742,0,0,0,63.70967742,106.0645161,84.7741935,82.5483871,92.483871,98.3548387,83.516129,88.33548386,360,0.360523072,0.176942722,4149.861906,397628,13454,37318,8123
2020,7,4,2020/4/1,all,LA,8,18,Belize,155,64.39084949,28.58057,28.888414,74.90115,7.252545122,8.349035,75.24666667,100,95.55555556,100,75,0,6.666666667,100,100,125.0869565,35.0333333,21.8666667,45.3333333,51.3333333,31.5,37.01333332,485,0.360523072,0.056548705,4149.861906,397628,13454,37318,8123
2020,7,5,2020/5/1,all,LA,8,18,Belize,128,62.07888863,28.50752,28.350098,80.01102,138.8923371,183.8658,81.42354839,100,84.94623656,100,88.70967742,0,59.13978495,100,100,116,59.9677419,44.483871,68,77.9677419,59.0322581,61.89032258,155,0.360523072,0.046698285,4149.861906,397628,13454,37318,8123
2020,7,6,2020/6/1,all,LA,8,18,Belize,119,90.88010285,28.03084,27.248655,84.64584,186.3473331,274.8487,74.07666667,100,66.66666667,100,83.33333333,0,66.66666667,50,100,110.9,75.3333333,57.5666667,79.4,92.3333333,76.3666667,76.2,128,0.360523072,0.043414812,4149.861906,397628,13454,37318,8123
2020,7,7,2020/7/1,all,LA,8,18,Belize,107,164.1141184,28.14399,27.693043,82.69445,99.67001761,110.351,69.44,100,66.66666667,100,75,0,33.33333333,50,100,108.6774194,76.1612903,62.2258065,86.6129032,95,82.7419355,80.5483871,119,0.360523072,0.039036848,4149.861906,397628,13454,37318,8123
2020,7,8,2020/8/1,all,LA,8,18,Belize,128,180.3369625,28.12976,27.796745,83.33276,145.1277251,165.9362,72.06096774,100,80.10752688,100,64.91935484,0,33.33333333,70.16129032,100,113.3225806,67.3448276,51.3125,75.25,88.3125,69.5,70.34396552,107,0.360523072,0.046698285,4149.861906,397628,13454,37318,8123
2020,7,9,2020/9/1,all,LA,8,18,Belize,140,163.4375093,28.05759,27.697847,83.46528,175.0301155,194.3148,72.23566667,100,67.22222222,100,98.75,0,33.33333333,75,75.83333333,112.0333333,65.2413793,52.1,96.15,90.7,81.05,77.04827586,128,0.360523072,0.05107625,4149.861906,397628,13454,37318,8123
2020,7,10,2020/10/1,all,LA,8,18,Belize,199,178.6183952,26.93705,26.417852,83.26289,150.9906485,177.6853,68.2783871,100,66.66666667,100,100,0,33.33333333,75,39.51612903,109.7096774,71.6774194,56.0967742,98.516129,97.5483871,81.7096774,81.10967742,140,0.360523072,0.07260124,4149.861906,397628,13454,37318,8123
2020,7,11,2020/11/1,all,LA,8,18,Belize,199,149.255917,25.36205,24.702507,87.5663,153.3035241,294.2005,67.225,100,66.66666667,100,100,5,33.33333333,75,25,112,66.2333333,54.4666667,94.1333333,96.0333333,79.2333333,78.01999998,199,0.360523072,0.07260124,4149.861906,397628,13454,37318,8123
2020,7,12,2020/12/1,all,LA,8,18,Belize,175,116.1852478,23.77395,23.239628,85.37866,55.32882142,81.67846,72.22,100,66.66666667,100,100,50,33.33333333,75,25,111.3548387,66.0967742,61.3870968,106.3548387,107.3870968,85.8064516,85.40645162,199,0.360523072,0.063845312,4149.861906,397628,13454,37318,8123
2020,7,1,2020/1/1,all,LA,9,2,Bolivia,18384,3838.476335,17.85965,18.803444,77.38777,143.4935633,209.2622,0,0,0,0,0,0,0,0,0,100,100,100,100,100,100,100,3075,0.121595218,0.215868394,2579.899012,11673021,15745,129487,-2753
2020,7,2,2020/2/1,all,LA,9,2,Bolivia,33420,5532.819585,17.28986,17.996006,82.02705,160.8563144,266.6105,0,0,0,0,0,0,0,0,0,101.9333333,100.0666667,93.3333333,96.6,98.4666667,92.2,96.13333334,18384,0.121595218,0.39242394,2579.899012,11673021,15745,129487,-2753
2020,7,3,2020/3/1,all,LA,9,2,Bolivia,21273,6497.725555,17.66577,18.134651,76.91213,97.0818041,154.0375,49.85129032,64.51612903,36.55913978,64.51612903,52.41935484,50,32.25806452,35.48387097,46.77419355,116,77.2580645,58.9032258,65.3870968,73.1290323,60.0645161,66.9483871,33420,0.121595218,0.249791576,2579.899012,11673021,15745,129487,-2753
2020,7,4,2020/4/1,all,LA,9,2,Bolivia,7147,5201.193901,16.2617,16.784288,68.1189,58.20323939,96.19181,96.3,100,100,100,100,100,66.66666667,100,100,137.7,25.2666667,16.3333333,21.3666667,25.7333333,15.0333333,20.74666666,21273,0.121595218,0.083921421,2579.899012,11673021,15745,129487,-2753
2020,7,5,2020/5/1,all,LA,9,2,Bolivia,2621,2823.752546,14.27975,14.979297,58.57564,32.90995641,57.31053,95.67225806,100,100,100,100,94.35483871,66.66666667,100,100,133.4516129,38.1612903,22.9032258,29.3870968,32.9677419,22.6129032,29.2064516,7147,0.121595218,0.030776276,2579.899012,11673021,15745,129487,-2753
2020,7,6,2020/6/1,all,LA,9,2,Bolivia,296,1121.695662,13.81878,14.523084,56.1358,24.61274293,51.51053,89.29,100,80.55555556,100,100,75,68.88888889,79.16666667,100,127.6,53,34.8,45.5,49.6666667,36.0333333,43.8,2621,0.121595218,0.003475688,2579.899012,11673021,15745,129487,-2753
2020,7,7,2020/7/1,all,LA,9,2,Bolivia,127,669.9106131,13.25976,14.033325,47.06577,19.98188678,41.0338,89.81,100,66.66666667,100,100,75,66.66666667,100,100,126.1290323,54.516129,38.9354839,47.1612903,55.3548387,40.8064516,47.3548387,296,0.121595218,0.001491258,2579.899012,11673021,15745,129487,-2753
2020,7,8,2020/8/1,all,LA,9,2,Bolivia,125,566.6624431,14.50146,15.839328,54.68158,44.75053715,77.76826,89.81,100,66.66666667,100,100,75,66.66666667,100,100,123.2903226,59.5483871,43.8709677,50.8387097,58.7419355,45.3225806,51.66451612,127,0.121595218,0.001467774,2579.899012,11673021,15745,129487,-2753
2020,7,9,2020/9/1,all,LA,9,2,Bolivia,92,606.9563766,16.02369,17.591682,57.87506,48.96919815,75.27778,81.48,100,66.66666667,100,100,75,66.66666667,100,25,115.5666667,74.6333333,61.7333333,67.5666667,76.8666667,58.7666667,67.91333334,125,0.121595218,0.001080281,2579.899012,11673021,15745,129487,-2753
2020,7,10,2020/10/1,all,LA,9,2,Bolivia,250,903.328095,17.86237,19.369377,60.97385,76.97829191,103.2232,81.48,100,66.66666667,100,100,75,66.66666667,100,25,111.8709677,82.5806452,69.0967742,71.6774194,84.8709677,64.0322581,74.45161292,92,0.121595218,0.002935547,2579.899012,11673021,15745,129487,-2753
2020,7,11,2020/11/1,all,LA,9,2,Bolivia,543,1353.03051,18.2441,20.303804,56.06413,61.13017591,86.6582,82.3037037,100,60,90,90,74.16666667,60,90,22.5,110.2,85.4333333,71.0333333,72.5666667,84.8333333,68.8,76.53333332,250,0.121595218,0.006376008,2579.899012,11673021,15745,129487,-2753
2020,7,12,2020/12/1,all,LA,9,2,Bolivia,885,2147.564518,17.3804,18.718098,74.12302,142.447232,240.3964,48.47548387,100,66.66666667,50,0,0,33.33333333,50,36.29032258,106.9354839,89.9354839,87.0322581,84.483871,101.9677419,81.5483871,88.9935484,543,0.121595218,0.010391837,2579.899012,11673021,15745,129487,-2753
2020,7,1,2020/1/1,all,LA,10,6,Brazil,186409,25462.57956,24.88588,25.620506,76.53374,152.2904711,218.9879,0.538064516,0,0,0,0,0,0,0,0,100,100,100,100,100,100,100,68324,0.276989243,0.134034102,11121.73992,212559417,2196710,7930669,1063757
2020,7,2,2020/2/1,all,LA,10,6,Brazil,312644,41762.42335,24.45116,25.068829,78.96955,154.0253727,227.4183,5.56,0,0,0,0,0,0,0,0,101.6666667,98.6,99.3333333,104.1333333,99.8,95.0666667,99.38666666,186409,0.276989243,0.224801152,11121.73992,212559417,2196710,7930669,1063757
2020,7,3,2020/3/1,all,LA,10,6,Brazil,304760,56862.23145,24.05631,24.599987,76.84588,114.9925001,171.4209,43.99645161,53.76344086,42.47311828,48.38709677,33.06451613,28.22580645,10.21505376,36.29032258,45.16129032,108,90.1612903,78.2258065,66.3548387,93.6451613,71.516129,79.98064516,312644,0.276989243,0.219132301,11121.73992,212559417,2196710,7930669,1063757
2020,7,4,2020/4/1,all,LA,10,6,Brazil,218339,50873.42321,22.74088,23.169039,76.11733,71.46297074,117.9838,75.00166667,83.33333333,83.33333333,75,66.66666667,75,16.66666667,75,100,117.2666667,62.9666667,46.4,48.4,84.3666667,41.9666667,56.82000002,304760,0.276989243,0.156992805,11121.73992,212559417,2196710,7930669,1063757
2020,7,5,2020/5/1,all,LA,10,6,Brazil,157640,32878.70764,20.83168,20.918802,74.81634,51.67984428,94.09004,80.54129032,83.33333333,83.33333333,75,87.5,75,45.69892473,75,100,115.6451613,73.7419355,51.9677419,49.9354839,91.6451613,46.8709677,62.83225806,218339,0.276989243,0.11334826,11121.73992,212559417,2196710,7930669,1063757
2020,7,6,2020/6/1,all,LA,10,6,Brazil,75705,16546.81548,21.17067,21.066786,75.29916,46.88778353,74.47229,77.31,83.33333333,50,75,87.5,75,50,75,100,113.9333333,81.0666667,59.4666667,55.6333333,97.9,55.7333333,69.96,157640,0.276989243,0.054434344,11121.73992,212559417,2196710,7930669,1063757
2020,7,7,2020/7/1,all,LA,10,6,Brazil,50011,9686.265359,20.64719,20.685884,69.18362,22.81867254,37.80492,79.97451613,83.33333333,81.1827957,75,87.5,75,50,75,92.74193548,112.3225806,84.8387097,66.0645161,62.9677419,104.2580645,62.9354839,76.21290322,75705,0.276989243,0.035959527,11121.73992,212559417,2196710,7930669,1063757
2020,7,8,2020/8/1,all,LA,10,6,Brazil,33011,6872.630808,21.11908,21.422762,65.07476,22.734908,45.50039,72.00096774,83.33333333,83.33333333,75,87.5,75,57.52688172,75,25,110,90.2258065,71.8709677,69.0645161,108.1935484,70.8709677,82.04516128,50011,0.276989243,0.023735977,11121.73992,212559417,2196710,7930669,1063757
2020,7,9,2020/9/1,all,LA,10,6,Brazil,26488,5951.035453,23.77052,24.530178,60.06182,26.50155604,43.4535,69.16866667,83.33333333,83.33333333,75,80.83333333,75,50,75,25,108.5333333,91.4,77.1333333,76.8666667,110.7666667,74.9,86.21333334,33011,0.276989243,0.019045729,11121.73992,212559417,2196710,7930669,1063757
2020,7,10,2020/10/1,all,LA,10,6,Brazil,20975,6870.706991,24.38687,25.4541,65.44505,54.729938,82.50316,62.65129032,83.33333333,57.52688172,75,62.5,60.48387097,50,75,25,107.1935484,95.6774194,88.2580645,77.3548387,116.3548387,78.6129032,91.2516129,26488,0.276989243,0.015081704,11121.73992,212559417,2196710,7930669,1063757
2020,7,11,2020/11/1,all,LA,10,6,Brazil,4775,8721.135612,23.81843,24.719372,70.69306,86.67904083,122.6463,56.11266667,66.66666667,50,75,62.5,25,50,75,25,106.6333333,98.3666667,90.1333333,75.1,118.2,82.4666667,92.85333334,20975,0.276989243,0.003433379,11121.73992,212559417,2196710,7930669,1063757
2020,7,12,2020/12/1,all,LA,10,6,Brazil,1,13026.83628,24.631,25.545776,74.36579,126.5722654,166.9494,63.78419355,83.33333333,72.58064516,75,85.88709677,7.258064516,50,75,25,106.8387097,93.7419355,87.0322581,82.0645161,123.4516129,84.8064516,94.21935484,4775,0.276989243,7.19E-07,11121.73992,212559417,2196710,7930669,1063757
2020,7,1,2020/1/1,all,LA,11,16,Colombia,15809,10052.94647,21.15278,20.726439,75.62994,57.31555437,108.395,2.955806452,0,0,0,0,0,0,0,0,100,100,100,100,100,100,100,11283,0.196216105,0.204121422,7838.209714,50882891,122877,626233,33415
2020,7,2,2020/2/1,all,LA,11,16,Colombia,15201,7961.452146,21.64663,21.37856,72.91526,74.32272811,126.0554,9.097586207,0,6.896551724,0,0,0,0,0,0,99.4,110.3333333,104.8,94.1333333,100,97.6,101.3733333,15809,0.196216105,0.196271095,7838.209714,50882891,122877,626233,33415
2020,7,3,2020/3/1,all,LA,11,16,Colombia,10983,6759.390844,21.58592,21.40575,75.99361,111.5635931,181.639,43.6083871,51.61290323,48.38709677,60.48387097,44.35483871,11.29032258,15.05376344,22.58064516,45.16129032,113.0322581,78.3225806,70.0645161,66.4516129,81.3870968,64.5806452,72.16129032,15201,0.196216105,0.141809449,7838.209714,50882891,122877,626233,33415
2020,7,4,2020/4/1,all,LA,11,16,Colombia,7163,6786.189796,21.53088,21.11942,79.81589,172.7164183,271.1431,87.00533333,100,85.55555556,100,80.83333333,50,66.66666667,100,100,131.5333333,33.9666667,23.1,29.7333333,43.2,21.6666667,30.33333334,10983,0.196216105,0.092486669,7838.209714,50882891,122877,626233,33415
2020,7,5,2020/5/1,all,LA,11,16,Colombia,6621,8238.723318,21.75276,21.144243,80.54586,187.6370238,334.7893,87.63677419,100,72.04301075,100,100,50,66.66666667,100,100,125.2258065,53.2580645,37.6129032,43.1290323,57.3225806,33.5806452,44.98064516,7163,0.196216105,0.085488515,7838.209714,50882891,122877,626233,33415
2020,7,6,2020/6/1,all,LA,11,16,Colombia,4081,9566.89127,21.1059,20.57989,80.63577,192.874172,314.4496,87.04,100,66.66666667,100,100,50,66.66666667,100,100,120.7,65.9666667,47.7333333,55.2666667,70.3,46.1333333,57.08,6621,0.196216105,0.05269274,7838.209714,50882891,122877,626233,33415
2020,7,7,2020/7/1,all,LA,11,16,Colombia,3318,9947.278169,20.91645,20.450634,79.85287,208.0872145,343.5502,87.04,100,76.34408602,100,100,50,56.98924731,100,100,120.3870968,65.6451613,45.8064516,55.9032258,71.3870968,47.7741935,57.3032258,4081,0.196216105,0.042841095,7838.209714,50882891,122877,626233,33415
2020,7,8,2020/8/1,all,LA,11,16,Colombia,2992,9366.806086,21.12001,20.789051,78.54976,192.5001141,304.4737,87.04,100,83.33333333,100,100,50,50,100,100,119.2580645,66.5806452,46.0322581,56.5483871,70.9354839,47.483871,57.51612906,3318,0.196216105,0.038631874,7838.209714,50882891,122877,626233,33415
2020,7,9,2020/9/1,all,LA,11,16,Colombia,2570,9782.003209,20.81727,20.703182,78.77335,193.0540195,290.6872,71.3,100,33.33333333,100,75,50,33.33333333,50,100,114.3,75.4333333,60.2333333,68.9,85.2333333,59.7666667,69.91333332,2992,0.196216105,0.033183127,7838.209714,50882891,122877,626233,33415
2020,7,10,2020/10/1,all,LA,11,16,Colombia,3036,9874.524594,20.81662,20.604115,80.61742,192.9857562,293.3388,68.9683871,100,33.33333333,79.03225806,75,50,33.33333333,50,100,111.9032258,80.0967742,73.2258065,71.7096774,94.0322581,63.4193548,76.4967742,2570,0.196216105,0.03919999,7838.209714,50882891,122877,626233,33415
2020,7,11,2020/11/1,all,LA,11,16,Colombia,2997,10356.46891,20.48113,20.1037,85.52427,188.874422,309.7004,64.815,91.66666667,33.33333333,50,75,50,33.33333333,50,100,111.2,83.5333333,78.6333333,70.8333333,96.8,68.1666667,79.59333332,3036,0.196216105,0.038696432,7838.209714,50882891,122877,626233,33415
2020,7,12,2020/12/1,all,LA,11,16,Colombia,2678,10638.4214,20.54886,20.026953,81.43985,126.2486181,226.6454,60.19,50,33.33333333,50,75,50,33.33333333,50,100,108.6129032,85.2580645,85.2258065,83.2580645,110.3548387,76.4516129,88.10967742,2997,0.196216105,0.034577593,7838.209714,50882891,122877,626233,33415
2020,7,1,2020/1/1,all,LA,12,4,Costa Rica,752,620.8313946,21.21021,21.354002,85.63518,53.38346271,124.7346,0,0,0,0,0,0,0,0,0,100,100,100,100,100,100,100,626,0.077968514,0.078644635,10046.94,5094118,9311,119420,-7749
2020,7,2,2020/2/1,all,LA,12,4,Costa Rica,591,461.7638268,21.44852,21.62827,81.39775,26.12841321,47.88102,10.3437931,0,0,0,0,0,0,0,0,98.7333333,114.7333333,100.3333333,98.8666667,102.9333333,97.6666667,102.9066667,752,0.077968514,0.061807153,10046.94,5094118,9311,119420,-7749
2020,7,3,2020/3/1,all,LA,12,4,Costa Rica,459,358.6138617,21.77213,22.105246,76.88415,17.44154379,28.55162,44.53516129,59.13978495,47.31182796,70.96774194,0,26.61290323,0,48.38709677,48.38709677,109.1935484,91.1290323,71.5806452,70.4193548,89,71.9677419,78.81935484,591,0.077968514,0.04800251,10046.94,5094118,9311,119420,-7749
2020,7,4,2020/4/1,all,LA,12,4,Costa Rica,555,344.8968363,22.81206,23.181032,80.4409,51.42423636,85.88654,76.76133333,100,86.66666667,100,6.666666667,64.16666667,33.33333333,100,100,122.5333333,53.6666667,38.2,38.5666667,63.7666667,41.1333333,47.06666668,459,0.077968514,0.058042251,10046.94,5094118,9311,119420,-7749
2020,7,5,2020/5/1,all,LA,12,4,Costa Rica,985,492.4089934,23.02207,22.87908,86.9847,196.1078808,282.7824,72.22,100,66.66666667,100,50,0,33.33333333,100,100,117,68,51.9032258,50.1935484,76.0322581,56,60.42580646,555,0.077968514,0.103011922,10046.94,5094118,9311,119420,-7749
2020,7,6,2020/6/1,all,LA,12,4,Costa Rica,1474,876.0751169,22.5101,22.220125,88.96484,220.6839012,346.8888,72.45166667,100,66.66666667,100,52.08333333,0,33.33333333,100,100,116.3666667,71.9666667,51.2333333,50.2,76.2,59.0666667,61.73333334,985,0.077968514,0.154151851,10046.94,5094118,9311,119420,-7749
2020,7,7,2020/7/1,all,LA,12,4,Costa Rica,1603,1360.601105,22.46148,21.984753,86.56607,158.4479651,218.3713,73.61,100,66.66666667,100,62.5,0,33.33333333,100,100,120.5483871,60.516129,41.516129,42.2903226,68.2903226,45.7419355,51.67096774,1474,0.077968514,0.167642753,10046.94,5094118,9311,119420,-7749
2020,7,8,2020/8/1,all,LA,12,4,Costa Rica,1330,1419.565096,22.4049,22.114368,87.83505,192.1802666,351.2445,68.81548387,100,56.98924731,100,75,0,33.33333333,87.09677419,66.93548387,116.5806452,67.483871,48.1935484,49.5806452,73.9032258,56.2903226,59.0903226,1603,0.077968514,0.13909224,10046.94,5094118,9311,119420,-7749
2020,7,9,2020/9/1,all,LA,12,4,Costa Rica,693,1253.312539,22.33061,22.113245,88.73271,226.7604473,303.0357,62.15833333,100,76.11111111,100,75,0,33.33333333,0,75,114.7666667,68.1333333,50.3333333,50.7333333,75.0333333,58.5333333,60.5533333,1330,0.077968514,0.072474378,10046.94,5094118,9311,119420,-7749
2020,7,10,2020/10/1,all,LA,12,4,Costa Rica,460,1319.996496,22.21992,21.855175,90.36028,263.0809673,438.3603,59.10677419,100,68.8172043,100,75,0,33.33333333,0,54.83870968,113.6774194,72.483871,54,50.7419355,78.2580645,60.5806452,63.21290324,693,0.077968514,0.048107091,10046.94,5094118,9311,119420,-7749
2020,7,11,2020/11/1,all,LA,12,4,Costa Rica,438,1193.930392,21.90626,21.54017,90.25209,175.1877247,458.4196,55.56,100,66.66666667,100,75,0,33.33333333,0,25,111.5333333,75.7333333,57.1666667,52.6666667,82.7666667,67.6,67.18666668,460,0.077968514,0.045806317,10046.94,5094118,9311,119420,-7749
2020,7,12,2020/12/1,all,LA,12,4,Costa Rica,222,933.5451173,21.01156,20.510986,85.32338,88.6294475,302.4734,55.82870968,100,66.66666667,100,75,0,33.33333333,2.419354839,25,108.516129,76.2258065,68.3225806,67.2903226,97.5806452,78.7741935,77.63870968,438,0.077968514,0.0232169,10046.94,5094118,9311,119420,-7749
2020,7,1,2020/1/1,all,LA,13,11,Dominican Republic,1532,1523.856487,23.70662,23.635542,81.80629,36.24141624,57.10699,0,0,0,0,0,0,0,0,0,100,100,100,100,100,100,100,1810,0.290090219,0.388536647,8002.441678,10847910,20257,69830,10281
2020,7,2,2020/2/1,all,LA,13,11,Dominican Republic,980,1447.80837,23.96923,23.943,81.25516,34.52719404,51.80873,0,0,0,0,0,0,0,0,0,101.4,96.4,97.8666667,103.4666667,99.4,97.2666667,98.88000002,1532,0.290090219,0.24854172,8002.441678,10847910,20257,69830,10281
2020,7,3,2020/3/1,all,LA,13,11,Dominican Republic,500,1405.031981,23.3979,23.37772,81.78893,71.9424795,114.4,46.32451613,41.93548387,41.93548387,41.93548387,48.38709677,41.93548387,16.12903226,38.70967742,49.19354839,112.9032258,71.0322581,64.0967742,69.3548387,80.9354839,66,70.28387098,980,0.290090219,0.126807,8002.441678,10847910,20257,69830,10281
2020,7,4,2020/4/1,all,LA,13,11,Dominican Republic,115,1451.73973,25.66354,25.843334,78.11765,17.23175728,35.2497,94.56766667,100,100,100,100,100,51.11111111,100,100,129.1666667,34.4333333,18.7,37.4666667,47.5333333,28.1666667,33.26,500,0.290090219,0.02916561,8002.441678,10847910,20257,69830,10281
2020,7,5,2020/5/1,all,LA,13,11,Dominican Republic,118,1480.817669,26.31937,26.584484,80.29097,63.97758723,74.41063,94.74451613,100,87.09677419,100,100,80.64516129,84.94623656,100,100,122.7096774,51.3548387,29.3225806,49.7741935,61.9677419,43.4193548,47.1677419,115,0.290090219,0.029926452,8002.441678,10847910,20257,69830,10281
2020,7,6,2020/6/1,all,LA,13,11,Dominican Republic,92,1530.354894,27.02249,27.276655,78.66902,45.84748066,52.90687,86.669,100,66.66666667,100,100,50,63.33333333,100,100,115.7,67.3666667,46.4,65.2666667,76.3333333,60.9666667,63.26666668,118,0.290090219,0.023332488,8002.441678,10847910,20257,69830,10281
2020,7,7,2020/7/1,all,LA,13,11,Dominican Republic,59,1935.277986,26.93991,27.075066,80.88617,96.09836437,129.2542,76.43225806,100,66.66666667,100,100,50,46.23655914,100,25,114.6451613,66.8709677,54.1290323,69.0322581,81.7741935,65.6451613,67.49032258,92,0.290090219,0.014963226,8002.441678,10847910,20257,69830,10281
2020,7,8,2020/8/1,all,LA,13,11,Dominican Republic,95,2323.811762,27.12295,27.182762,80.74648,60.60596504,119.6724,78.7,100,66.66666667,100,100,50,66.66666667,100,25,113.9032258,66.2580645,53.7741935,67.5483871,78.9354839,63.8387097,66.07096774,59,0.290090219,0.02409333,8002.441678,10847910,20257,69830,10281
2020,7,9,2020/9/1,all,LA,13,11,Dominican Republic,73,2633.288464,26.35873,26.60428,83.66276,92.37693341,102.5645,78.7,100,66.66666667,100,100,50,66.66666667,100,25,112.6333333,67.8,58.8333333,70.7666667,83.2333333,65.8333333,69.29333332,95,0.290090219,0.018513822,8002.441678,10847910,20257,69830,10281
2020,7,10,2020/10/1,all,LA,13,11,Dominican Republic,77,2745.41567,25.95948,25.863228,85.04278,98.65289548,112.6219,69.74032258,100,66.66666667,100,100,50,66.66666667,19.35483871,25,110.1290323,73.2903226,66.2580645,69.5806452,91.0322581,66.6129032,73.35483872,73,0.290090219,0.019528278,8002.441678,10847910,20257,69830,10281
2020,7,11,2020/11/1,all,LA,13,11,Dominican Republic,146,2634.896723,24.44004,24.076994,87.04544,130.4906883,203.9523,65.644,100,66.66666667,100,82.5,50,66.66666667,0,25,109.9666667,73.8666667,72.1,65.5333333,91.2666667,67.4666667,74.04666668,77,0.290090219,0.037027644,8002.441678,10847910,20257,69830,10281
2020,7,12,2020/12/1,all,LA,13,11,Dominican Republic,156,2406.574279,23.57648,23.3973,84.47001,33.18014731,48.52686,65.64870968,100,66.66666667,100,75,50,58.06451613,0,41.12903226,109.3548387,73.5806452,84.516129,78.3225806,105,73.9032258,83.06451612,146,0.290090219,0.039563784,8002.441678,10847910,20257,69830,10281
2020,7,1,2020/1/1,all,LA,14,15,Ecuador,1516,2579.536986,21.06356,21.202765,82.72044,105.4328833,257.5353,1.076129032,0,0,0,0,0,0,0,0,100,100,100,100,100,100,100,762,0.077790409,0.09340727,5097.068642,17643054,8417,108201,-7040
2020,7,2,2020/2/1,all,LA,14,15,Ecuador,2442,3349.071448,21.25286,21.292685,84.4648,154.2045689,340.5384,5.56,0,0,0,0,0,0,0,0,102.1333333,85.4,95.5333333,101.8,97.6666667,97.4666667,95.57333334,1516,0.077790409,0.150462107,5097.068642,17643054,8417,108201,-7040
2020,7,3,2020/3/1,all,LA,14,15,Ecuador,3390,4455.119954,21.1889,21.050743,85.65988,155.6217699,348.4465,54.30096774,61.29032258,48.38709677,61.29032258,36.29032258,54.83870968,32.25806452,48.38709677,65.32258065,118.7741935,58.7741935,58.7741935,59.8387097,72.0322581,57.8064516,61.44516128,2442,0.077790409,0.208872458,5097.068642,17643054,8417,108201,-7040
2020,7,4,2020/4/1,all,LA,14,15,Ecuador,1761,5614.003627,20.98424,20.735863,84.51245,153.5842451,300.9172,93.52,100,100,100,75,100,66.66666667,100,100,134.9333333,25.0666667,20.8333333,24.7333333,36,20,25.32666666,3390,0.077790409,0.108502773,5097.068642,17643054,8417,108201,-7040
2020,7,5,2020/5/1,all,LA,14,15,Ecuador,1560,5954.803942,20.93278,20.689463,83.74453,109.3520302,204.2169,86.82709677,100,84.94623656,100,75,77.41935484,66.66666667,77.41935484,100,129.1612903,43.7419355,31.2258065,37.9354839,50.516129,33.516129,39.38709678,1761,0.077790409,0.096118299,5097.068642,17643054,8417,108201,-7040
2020,7,6,2020/6/1,all,LA,14,15,Ecuador,981,4877.829109,20.00199,19.86605,81.98773,78.35270036,132.845,81.85,100,70,100,75,75,66.66666667,75,75,122.2666667,62.9333333,49.2,56.6666667,73.6333333,56.6666667,59.82,1560,0.077790409,0.060443623,5097.068642,17643054,8417,108201,-7040
2020,7,7,2020/7/1,all,LA,14,15,Ecuador,796,3328.860746,19.23236,19.44694,81.75034,97.19307814,148.6928,79.31612903,100,50,100,78.62903226,68.5483871,66.66666667,75,75,120.4193548,66.1290323,53,62.4516129,80.9677419,63.483871,65.20645162,981,0.077790409,0.049044978,5097.068642,17643054,8417,108201,-7040
2020,7,8,2020/8/1,all,LA,14,15,Ecuador,646,2176.409917,19.33942,19.93586,77.35238,52.79400684,86.49003,75.40354839,97.84946237,52.15053763,100,87.5,50,50,75,66.12903226,117.8387097,69.9032258,56.6774194,67.3870968,85.0645161,67.6129032,69.32903226,796,0.077790409,0.039802834,5097.068642,17643054,8417,108201,-7040
2020,7,9,2020/9/1,all,LA,14,15,Ecuador,588,1678.542311,19.47286,20.183481,78.17574,76.37688446,121.8939,61.01866667,83.33333333,66.66666667,100,73.33333333,21.66666667,21.66666667,32.5,50,116.0333333,72.2666667,66.4333333,72.8666667,91.8333333,72.7666667,75.23333334,646,0.077790409,0.036229205,5097.068642,17643054,8417,108201,-7040
2020,7,10,2020/10/1,all,LA,14,15,Ecuador,954,1310.620397,19.90248,20.559477,77.58171,74.22189232,121.8798,52.06258065,83.33333333,66.66666667,100,68.5483871,0,0,0,50,113.8387097,75.8387097,78.7741935,74.9677419,98.7741935,75.6774194,80.8064516,588,0.077790409,0.058780037,5097.068642,17643054,8417,108201,-7040
2020,7,11,2020/11/1,all,LA,14,15,Ecuador,808,1214.6843,19.84527,20.59487,77.06712,85.66162622,135.7656,52.78,83.33333333,66.66666667,100,75,0,0,0,50,113.8,77.8,78.9,71.4666667,98.7333333,76.8,80.74,954,0.077790409,0.04978435,5097.068642,17643054,8417,108201,-7040
2020,7,12,2020/12/1,all,LA,14,15,Ecuador,788,1433.88664,20.05666,20.075888,83.63278,160.3897282,284.9042,61.50290323,88.17204301,66.66666667,100,100,17.74193548,23.65591398,17.74193548,39.51612903,112.7741935,79.2903226,86.4193548,77.483871,112.8387097,83.2580645,87.85806452,808,0.077790409,0.048552064,5097.068642,17643054,8417,108201,-7040
2020,7,1,2020/1/1,all,LA,15,12,El Salvador,868,830.6548863,25.476469,26.414537,57.42894,2.02523203,3.022249,3.494193548,0,0,0,0,0,0,0,2.419354839,100,100,100,100,100,100,100,911,0.148918275,0.161879896,3572.357586,6486205,27444,184289,1117
2020,7,2,2020/2/1,all,LA,15,12,El Salvador,832,811.7262795,26.443752,27.594736,52.70458,0.86153096,1.4286,19.44,0,0,0,0,0,0,0,75,99.4666667,104.2,100,98.4,101.6666667,100.6666667,100.9866667,868,0.148918275,0.155165983,3572.357586,6486205,27444,184289,1117
2020,7,3,2020/3/1,all,LA,15,12,El Salvador,614,924.4214172,27.242233,28.766504,51.2476,2.731864812,3.746853,54.59806452,67.74193548,46.23655914,51.61290323,33.87096774,22.58064516,35.48387097,42.74193548,91.12903226,113.1612903,76.5806452,67.7096774,69.516129,84.8387097,67.2258065,73.17419356,832,0.148918275,0.114509511,3572.357586,6486205,27444,184289,1117
2020,7,4,2020/4/1,all,LA,15,12,El Salvador,358,1089.581803,28.044842,29.883928,59.95786,22.47076124,25.83323,90.74,100,100,100,66.66666667,50,100,100,100,131.2,37.1666667,30.8,33.4666667,48.2333333,26.3,35.19333334,614,0.148918275,0.066766132,3572.357586,6486205,27444,184289,1117
2020,7,5,2020/5/1,all,LA,15,12,El Salvador,424,1428.509333,26.90519,27.389755,70.27159,153.3341273,321.9937,98.92387097,100,100,100,100,90.32258065,100,100,100,130.3870968,40.516129,27.7096774,32.1290323,45.2258065,24.4516129,34.00645162,358,0.148918275,0.079074972,3572.357586,6486205,27444,184289,1117
2020,7,6,2020/6/1,all,LA,15,12,El Salvador,489,2026.421877,25.351686,24.620974,78.81428,122.7669386,253.875,93.61233333,100,60,100,99.16666667,100,83.33333333,100,100,125.4666667,50.1666667,35.1666667,42.3666667,60.3666667,38,45.21333336,424,0.148918275,0.091197314,3572.357586,6486205,27444,184289,1117
2020,7,7,2020/7/1,all,LA,15,12,El Salvador,360,2644.872828,26.026962,25.788408,73.66399,109.8696687,133.7029,89.81,100,66.66666667,100,75,100,66.66666667,100,100,122.0967742,56.1612903,41.516129,50.0645161,69.5806452,46.8387097,52.83225806,489,0.148918275,0.067139127,3572.357586,6486205,27444,184289,1117
2020,7,8,2020/8/1,all,LA,15,12,El Salvador,278,2550.934977,25.912985,25.811142,75.03523,178.1440142,220.579,87.42290323,100,58.06451613,100,75,87.09677419,66.66666667,100,100,118.2258065,60.5483871,46.9354839,56.8064516,74.1612903,53,58.29032258,360,0.148918275,0.051846326,3572.357586,6486205,27444,184289,1117
2020,7,9,2020/9/1,all,LA,15,12,El Salvador,341,2432.30302,25.251364,25.072866,79.24929,196.5603626,237.257,72.50233333,100,33.33333333,80,75,48.33333333,66.66666667,79.16666667,70,113.7666667,67.5333333,66.4666667,64.7333333,82.9333333,66.4333333,69.61999998,278,0.148918275,0.063595673,3572.357586,6486205,27444,184289,1117
2020,7,10,2020/10/1,all,LA,15,12,El Salvador,361,2171.4396,25.154575,24.40247,78.47291,166.5526202,216.1412,52.78,100,33.33333333,50,75,0,66.66666667,25,25,110.6774194,74.5483871,78,67.2903226,89.9032258,71.6451613,76.27741936,341,0.148918275,0.067325625,3572.357586,6486205,27444,184289,1117
2020,7,11,2020/11/1,all,LA,15,12,El Salvador,287,1535.46955,24.130684,23.23139,78.49399,83.90249974,179.4117,51.48266667,100,33.33333333,50,63.33333333,0,66.66666667,25,25,109.9,77.7,82.2666667,67.2,91.9333333,77.6,79.34,361,0.148918275,0.053524804,3572.357586,6486205,27444,184289,1117
2020,7,12,2020/12/1,all,LA,15,12,El Salvador,150,1003.810994,24.09582,24.148687,65.02209,3.482321682,4.592692,47.22,100,33.33333333,50,25,0,66.66666667,25,25,107.0967742,78.8064516,102.6774194,83.0645161,108.6774194,90.8387097,92.81290324,287,0.148918275,0.027974636,3572.357586,6486205,27444,184289,1117
2020,7,1,2020/1/1,all,LA,16,13,Guatemala,1477,1172.724048,19.11403,18.948095,75.0221,25.99505675,54.48996,1.792258065,0,0,0,0,0,0,0,9.677419355,100,100,100,100,100,100,100,2018,0.410344014,0.25136147,3413.234013,17915568,50444,122931,32882
2020,7,2,2020/2/1,all,LA,16,13,Guatemala,1086,1097.32776,20.12836,20.21781,69.89739,12.91505133,34.79017,11.11,0,0,0,0,0,0,0,50,99.4,103.1333333,99.3333333,100.8666667,99.2666667,100.3333333,100.5866667,1477,0.410344014,0.184819605,3413.234013,17915568,50444,122931,32882
2020,7,3,2020/3/1,all,LA,16,13,Guatemala,733,1127.974967,20.89372,21.304787,65.84617,14.36673856,33.15655,57.04903226,51.61290323,48.38709677,61.29032258,49.19354839,48.38709677,21.50537634,75,66.12903226,112.6129032,77.2580645,63.9354839,76.8064516,84.4516129,69.2580645,74.34193548,1086,0.410344014,0.124744724,3413.234013,17915568,50444,122931,32882
2020,7,4,2020/4/1,all,LA,16,13,Guatemala,304,1204.600926,23.44967,23.93341,59.24694,27.85784926,33.39024,94.72466667,100,100,100,100,100,66.66666667,100,85.83333333,125.5666667,52.9,30.5,50.9666667,60.3,40.4333333,47.02,733,0.410344014,0.051735875,3413.234013,17915568,50444,122931,32882
2020,7,5,2020/5/1,all,LA,16,13,Guatemala,415,1620.796272,22.7066,22.373735,72.59052,172.0770793,278.7534,96.3,100,100,100,100,100,66.66666667,100,100,124.7419355,54.3225806,31.1935484,50,56.7096774,41.6129032,46.76774192,304,0.410344014,0.070626276,3413.234013,17915568,50444,122931,32882
2020,7,6,2020/6/1,all,LA,16,13,Guatemala,392,2835.118598,21.32488,20.544363,81.41837,175.3865748,375.1958,96.3,100,100,100,100,100,66.66666667,100,100,122.6,61.3,34.7333333,54.9,64.1666667,48.2,52.66,415,0.410344014,0.066712049,3413.234013,17915568,50444,122931,32882
2020,7,7,2020/7/1,all,LA,16,13,Guatemala,337,4175.590681,21.3929,20.847977,77.35697,139.6539777,167.5435,94.80645161,100,94.62365591,100,100,91.93548387,66.66666667,100,100,123.0645161,57,34.7741935,54.516129,64.0967742,49.2258065,51.92258064,392,0.410344014,0.05735194,3413.234013,17915568,50444,122931,32882
2020,7,8,2020/8/1,all,LA,16,13,Guatemala,311,4922.360068,21.38072,20.845142,80.11379,207.6036182,281.3925,87.04,100,66.66666667,100,100,50,66.66666667,100,100,117.5483871,67.2258065,43.1612903,63.2258065,73.1612903,60.8064516,61.51612904,337,0.410344014,0.052927161,3413.234013,17915568,50444,122931,32882
2020,7,9,2020/9/1,all,LA,16,13,Guatemala,264,5077.672832,21.19059,20.56589,80.21004,213.1381317,280.8327,78.61166667,100,66.66666667,100,100,50,66.66666667,56.66666667,67.5,115.9333333,67.5333333,50.1333333,66.2,77.3,64,65.03333332,311,0.410344014,0.044928523,3413.234013,17915568,50444,122931,32882
2020,7,10,2020/10/1,all,LA,16,13,Guatemala,268,4584.768321,20.62344,19.80505,82.36449,172.7487302,251.4405,49.54,100,33.33333333,50,87.5,50,0,0,25,113.4516129,71.483871,58.4516129,67.9354839,83.9677419,67.6451613,69.8967742,264,0.410344014,0.045609258,3413.234013,17915568,50444,122931,32882
2020,7,11,2020/11/1,all,LA,16,13,Guatemala,202,3451.438356,19.59741,18.568735,84.08659,96.92459177,295.6956,49.54,100,33.33333333,50,87.5,50,0,0,25,111.6,76.4,63.6,69.1333333,88.2666667,73.8333333,74.24666666,268,0.410344014,0.034377127,3413.234013,17915568,50444,122931,32882
2020,7,12,2020/12/1,all,LA,16,13,Guatemala,87,2562.983181,18.38216,17.835001,78.31208,24.55604164,53.16436,50.34419355,100,33.33333333,50,87.5,50,0,0,32.25806452,109.2903226,76.0322581,76.1290323,84.3225806,106,85.6451613,85.62580646,202,0.410344014,0.01480599,3413.234013,17915568,50444,122931,32882
2020,7,1,2020/1/1,all,LA,17,14,Honduras,5680,1054.821914,22.29356,22.190697,79.29989,47.91560091,101.9483,0,0,0,0,0,0,0,0,0,100,100,100,100,100,100,100,8313,0.40877252,0.2226316,2241.238665,9904607,112923,276249,73459
2020,7,2,2020/2/1,all,LA,17,14,Honduras,3897,958.0969103,23.18475,23.216036,74.38583,30.70316473,87.08429,0,0,0,0,0,0,0,0,0,99.3333333,106.6666667,96.2666667,96.1333333,101.0666667,96.6,99.34666668,5680,0.40877252,0.152745659,2241.238665,9904607,112923,276249,73459
2020,7,3,2020/3/1,all,LA,17,14,Honduras,1958,1101.101792,23.98734,24.2274,70.51325,25.2806055,58.0645,57.85483871,61.29032258,47.31182796,61.29032258,51.61290323,51.61290323,51.61290323,51.61290323,47.58064516,113.3548387,69.6451613,60.9032258,70.483871,74.1935484,57.4516129,66.53548388,3897,0.40877252,0.076745189,2241.238665,9904607,112923,276249,73459
2020,7,4,2020/4/1,all,LA,17,14,Honduras,1118,1367.185479,26.72805,27.4955,62.60202,8.063350065,9.90759,100,100,100,100,100,100,100,100,100,125.6,38.2,26.4666667,45.4666667,43.7333333,23.1,35.39333334,1958,0.40877252,0.043820797,2241.238665,9904607,112923,276249,73459
2020,7,5,2020/5/1,all,LA,17,14,Honduras,1692,1622.584838,26.01382,25.93136,76.57655,144.1193631,215.0059,100,100,100,100,100,100,100,100,100,122.3548387,49.2903226,27.8387097,49.2580645,47.2580645,29.2258065,40.57419356,1118,0.40877252,0.066319131,2241.238665,9904607,112923,276249,73459
2020,7,6,2020/6/1,all,LA,17,14,Honduras,1943,2249.674849,25.17045,24.45128,81.61028,129.0904858,189.9635,97.16333333,100,74.44444444,100,100,100,100,100,100,119.6333333,57.2333333,32.3666667,55.4666667,58.3666667,39.1,48.50666668,1692,0.40877252,0.076157253,2241.238665,9904607,112923,276249,73459
2020,7,7,2020/7/1,all,LA,17,14,Honduras,1353,2732.395186,25.21055,24.904385,78.53686,99.51299836,122.0388,96.3,100,66.66666667,100,100,100,100,100,100,120.1935484,53.9677419,32.0967742,54.8064516,58.7419355,39.3548387,47.79354838,1943,0.40877252,0.053031788,2241.238665,9904607,112923,276249,73459
2020,7,8,2020/8/1,all,LA,17,14,Honduras,1638,2117.95916,25.0316,24.705193,82.16431,183.449259,220.646,86.35064516,100,66.66666667,100,100,62.90322581,83.87096774,100,63.70967742,115.9032258,61.1290323,37.516129,62.8709677,64.3870968,46.6774194,54.51612904,1353,0.40877252,0.064202563,2241.238665,9904607,112923,276249,73459
2020,7,9,2020/9/1,all,LA,17,14,Honduras,1832,1800.022514,25.15341,24.762264,81.45886,193.3185655,222.7017,77.52833333,100,66.66666667,100,100,50,56.11111111,100,25,112.2,66.3333333,49.3,70.8333333,74.5666667,54.8333333,63.17333332,1638,0.40877252,0.07180653,2241.238665,9904607,112923,276249,73459
2020,7,10,2020/10/1,all,LA,17,14,Honduras,1749,2036.950739,24.22249,23.567135,84.69421,186.971045,260.6895,79.86580645,100,66.66666667,100,100,50,66.66666667,100,35.48387097,109.8709677,71.0967742,57.4193548,71.0322581,81.9354839,58.2580645,67.9483871,1832,0.40877252,0.068553287,2241.238665,9904607,112923,276249,73459
2020,7,11,2020/11/1,all,LA,17,14,Honduras,1641,1868.061596,22.95663,22.336357,88.47598,249.6754163,601.0042,81.48,100,66.66666667,100,100,50,66.66666667,100,50,109.2333333,69.1333333,54.7,62.4666667,82.3,58.7666667,65.47333334,1749,0.40877252,0.064320151,2241.238665,9904607,112923,276249,73459
2020,7,12,2020/12/1,all,LA,17,14,Honduras,1012,1667.782382,21.66581,21.170734,84.58706,52.03048145,108.7643,82.28709677,100,66.66666667,100,100,50,66.66666667,100,57.25806452,106.2903226,75.8709677,79.2258065,85.4193548,101.7096774,74.3870968,83.32258064,1641,0.40877252,0.039666053,2241.238665,9904607,112923,276249,73459
2020,7,1,2020/1/1,all,LA,18,22,Jamaica,129,840.7434461,24.89003,25.275331,75.70055,31.73734512,45.25106,0.268709677,0,0,0,0,0,0,0,2.419354839,100,100,100,100,100,100,100,777,0.567430985,0.159851301,4866.98735,2961167,7523,13258,5629
2020,7,2,2020/2/1,all,LA,18,22,Jamaica,392,590.9911053,25.15414,25.425085,78.57004,31.79591497,52.56503,17.90758621,0,0,0,0,0,0,0,75,101.9333333,96.2,100.0666667,98.0666667,97.9333333,98.0666667,98.06666668,129,0.567430985,0.48574969,4866.98735,2961167,7523,13258,5629
2020,7,3,2020/3/1,all,LA,18,22,Jamaica,62,385.8359314,24.94039,25.32628,75.27535,31.05227028,50.01985,51.37290323,61.29032258,22.58064516,69.35483871,39.51612903,0,39.78494624,45.96774194,83.87096774,109.3870968,83.2580645,79.483871,74.1612903,92.2903226,78.3870968,81.51612904,392,0.567430985,0.076827757,4866.98735,2961167,7523,13258,5629
2020,7,4,2020/4/1,all,LA,18,22,Jamaica,5,278.4494902,26.55134,27.147036,74.55913,13.9115329,18.30088,81.636,100,66.66666667,100,100,15,70.55555556,82.5,100,122.7666667,54.3,47.6,46.3,62.9333333,47.9666667,51.82,62,0.567430985,0.006195787,4866.98735,2961167,7523,13258,5629
2020,7,5,2020/5/1,all,LA,18,22,Jamaica,47,268.2641741,27.1428,27.526476,76.09283,42.52786104,54.13552,86.95032258,100,66.66666667,100,99.19354839,50,66.66666667,100,100,119.3548387,64.3870968,59.6774194,52.3870968,71.3225806,58.2580645,61.20645162,5,0.567430985,0.058240397,4866.98735,2961167,7523,13258,5629
2020,7,6,2020/6/1,all,LA,18,22,Jamaica,65,305.8988525,27.58891,27.997768,75.96979,47.51839604,54.22157,69.689,74.44444444,1.111111111,100,75,50,66.66666667,100,60,114.2,75.7333333,73.5666667,67,81.7,71.4666667,73.89333334,47,0.567430985,0.080545229,4866.98735,2961167,7523,13258,5629
2020,7,7,2020/7/1,all,LA,18,22,Jamaica,12,448.222148,28.09559,28.506544,74.28315,64.1704199,75.91492,68.28064516,97.84946237,0,100,75,50,66.66666667,100,25,112.0322581,76.483871,81.5806452,74.8709677,88.8387097,79.3225806,80.21935484,65,0.567430985,0.014869888,4866.98735,2961167,7523,13258,5629
2020,7,8,2020/8/1,all,LA,18,22,Jamaica,18,635.0058708,28.10293,28.413261,76.76482,57.50790969,68.29853,73.14903226,100,21.50537634,100,75,50,66.66666667,100,45.16129032,111.8387097,73,79.4193548,76.2903226,86.8064516,78.1935484,78.74193548,12,0.567430985,0.022304833,4866.98735,2961167,7523,13258,5629
2020,7,9,2020/9/1,all,LA,18,22,Jamaica,2,1029.361581,27.16194,27.518711,81.9798,132.5292747,147.7149,75.74,73.33333333,66.66666667,100,75,50,66.66666667,100,50,112.3666667,70.7666667,74.2666667,66.7666667,80.7666667,71.9333333,72.90000002,18,0.567430985,0.002478315,4866.98735,2961167,7523,13258,5629
2020,7,10,2020/10/1,all,LA,18,22,Jamaica,35,1283.174767,26.33606,26.512705,85.8021,174.9759606,251.6264,72.37387097,66.66666667,46.23655914,100,75,50,66.66666667,100,50,112.3870968,70.7096774,74.6774194,61.5806452,81.0322581,67.3548387,71.07096776,2,0.567430985,0.043370508,4866.98735,2961167,7523,13258,5629
2020,7,11,2020/11/1,all,LA,18,22,Jamaica,40,1714.144736,25.30526,25.377777,86.71559,158.1784394,298.4249,71.3,66.66666667,33.33333333,100,75,50,66.66666667,100,50,110.6666667,75.0666667,73.6333333,62.8333333,83.6333333,70.8,73.19333332,35,0.567430985,0.049566295,4866.98735,2961167,7523,13258,5629
2020,7,12,2020/12/1,all,LA,18,22,Jamaica,0,2100.349437,24.69854,24.833324,82.92427,35.4366575,61.51024,71.3,66.66666667,33.33333333,100,75,50,66.66666667,100,50,108.3225806,74.7741935,86.5483871,77.8387097,96.1612903,80.7096774,83.2064516,40,0.567430985,0,4866.98735,2961167,7523,13258,5629
2020,7,1,2020/1/1,all,LA,19,17,Mexico,7853,7196.203193,16.08965,16.335476,60.12307,15.71830088,32.69932,0,0,0,0,0,0,0,0,0,100,100,100,100,100,100,100,17143,0.2343898,0.065746842,10267.50017,128932753,267743,1142298,104558
2020,7,2,2020/2/1,all,LA,19,17,Mexico,6674,6103.042222,17.51948,18.187328,56.29604,9.975883015,25.4652,0.191724138,0,0,0,0,0,0,0,1.724137931,98.8666667,106.8,103.8666667,104.0666667,101.5333333,101.2,103.4933333,7853,0.2343898,0.055876025,10267.50017,128932753,267743,1142298,104558
2020,7,3,2020/3/1,all,LA,19,17,Mexico,5412,6445.153706,20.77067,22.06971,53.52496,11.24119443,17.82388,19.92387097,29.03225806,19.35483871,25.80645161,14.51612903,1.612903226,4.301075269,16.12903226,42.74193548,105.6129032,89.6451613,82.516129,86.3870968,96.8064516,84.9032258,88.0516129,6674,0.2343898,0.045310315,10267.50017,128932753,267743,1142298,104558
2020,7,4,2020/4/1,all,LA,19,17,Mexico,2806,7288.79784,22.88284,24.514336,48.05046,20.33475475,27.24058,82.41,100,100,100,75,25,66.66666667,100,75,119.7666667,54.6666667,42.6,51.4666667,79,43.3333333,54.21333334,5412,0.2343898,0.023492377,10267.50017,128932753,267743,1142298,104558
2020,7,5,2020/5/1,all,LA,19,17,Mexico,4547,9450.805206,23.0835,24.800638,50.17215,52.84839285,67.21372,82.41,100,100,100,75,25,66.66666667,100,75,119.4193548,61.4516129,42.1612903,51.0645161,79.2258065,44.3548387,55.6516129,2806,0.2343898,0.038068367,10267.50017,128932753,267743,1142298,104558
2020,7,6,2020/6/1,all,LA,19,17,Mexico,6878,13495.80282,23.18322,24.660292,61.25064,82.8381921,120.9211,71.512,100,56.11111111,100,62.5,25,50,75,75,116.2,70.0666667,49.3333333,58.7333333,85.8,52.6666667,63.32,4547,0.2343898,0.057583952,10267.50017,128932753,267743,1142298,104558
2020,7,7,2020/7/1,all,LA,19,17,Mexico,8396,20695.80687,23.1255,24.296694,65.84985,115.4337436,151.3965,70.83,100,50,100,62.5,25,50,75,75,114.4193548,70.5806452,54.9677419,62.7419355,88.5483871,60.0322581,67.37419356,6878,0.2343898,0.070292943,10267.50017,128932753,267743,1142298,104558
2020,7,8,2020/8/1,all,LA,19,17,Mexico,11301,30045.89281,22.60112,23.240767,69.32224,115.7526638,162.0681,72.26612903,100,62.90322581,100,62.5,25,50,75,75,112.0322581,74.5806452,60.0645161,65.9677419,90.0967742,67.3870968,71.61935484,8396,0.2343898,0.094614167,10267.50017,128932753,267743,1142298,104558
2020,7,9,2020/9/1,all,LA,19,17,Mexico,17389,41958.91134,21.39313,21.579525,72.43005,124.676199,182.339,71.91466667,100,71.11111111,100,62.5,35.83333333,49.44444444,75,53.33333333,111.6666667,74.0333333,60.8333333,64.5666667,89.9666667,68.2333333,71.52666666,11301,0.2343898,0.145584086,10267.50017,128932753,267743,1142298,104558
2020,7,10,2020/10/1,all,LA,19,17,Mexico,26255,43450.2126,20.2793,21.101803,58.99527,32.44819385,51.59515,72.23741935,100,83.33333333,100,62.5,50,54.30107527,75,25,110.6129032,78.483871,67,63.1612903,93.3870968,68.8709677,74.18064516,17389,0.2343898,0.219811961,10267.50017,128932753,267743,1142298,104558
2020,7,11,2020/11/1,all,LA,19,17,Mexico,16745,25870.62084,18.55737,19.21902,58.76353,17.02514505,39.81211,71.76,100,83.33333333,100,62.5,50,50,75,25,110.7666667,79.3666667,67.6666667,60.9333333,95.1,71.9666667,75.00666668,26255,0.2343898,0.140192393,10267.50017,128932753,267743,1142298,104558
2020,7,12,2020/12/1,all,LA,19,17,Mexico,5187,11349.40992,15.83713,16.267416,56.20009,8.404363939,16.66113,71.76,100,83.33333333,100,62.5,50,50,75,25,110.483871,77.1935484,70.0645161,66.5806452,104.3548387,76.0967742,78.85806452,16745,0.2343898,0.043426572,10267.50017,128932753,267743,1142298,104558
2020,7,1,2020/1/1,all,LA,20,5,Nicaragua,8303,936.5494927,25.234982,25.582985,69.73763,19.87674162,31.95122,0,0,0,0,0,0,0,0,0,100,100,100,100,100,100,100,10520,0.332113386,0.154889378,1763.202624,6624554,186663,562046,106371
2020,7,2,2020/2/1,all,LA,20,5,Nicaragua,6511,816.9166333,26.042227,26.553228,65.48013,13.9187409,19.11841,1.819655172,0,0,0,0,0,0,0,7.75862069,99.4666667,109.1333333,99.4666667,99.8,100.3333333,100.1333333,101.7733333,8303,0.332113386,0.121460284,1763.202624,6624554,186663,562046,106371
2020,7,3,2020/3/1,all,LA,20,5,Nicaragua,5107,791.2950478,26.341246,26.86181,63.91807,17.82669543,25.1625,11.43741935,27.95698925,0,0,0,0,0,0,25,103.3548387,102,88.6451613,89.8064516,95.8387097,85.5806452,92.37419356,6511,0.332113386,0.095269186,1763.202624,6624554,186663,562046,106371
2020,7,4,2020/4/1,all,LA,20,5,Nicaragua,3099,842.791834,28.195747,29.697056,58.01267,5.875345752,7.711975,20.18266667,66.66666667,0,0,0,0,0,0,38.33333333,110.0666667,78.6666667,69.1,79.4333333,81.9666667,67.5,75.33333334,5107,0.332113386,0.057810693,1763.202624,6624554,186663,562046,106371
2020,7,5,2020/5/1,all,LA,20,5,Nicaragua,3031,1013.959506,27.48155,27.993092,72.20045,173.7345448,294.569,19.59419355,66.66666667,0,0,0,0,0,0,9.677419355,112.3225806,79.8064516,62.8064516,71.1935484,81.516129,63.8709677,71.83870966,3099,0.332113386,0.056542178,1763.202624,6624554,186663,562046,106371
2020,7,6,2020/6/1,all,LA,20,5,Nicaragua,2131,1496.398215,26.055864,25.430624,81.69254,183.2596896,256.4114,18.52,66.66666667,0,0,0,0,0,0,0,113.4,76.5666667,59.9666667,68.2333333,80.8,63.8,69.87333334,3031,0.332113386,0.039753013,1763.202624,6624554,186663,562046,106371
2020,7,7,2020/7/1,all,LA,20,5,Nicaragua,3053,2540.900561,26.296064,25.829311,78.57893,97.03509916,128.6645,20.54903226,55.91397849,0,0,0,0,0,0,29.03225806,111.0967742,78.3548387,68.9677419,78.9032258,86.2903226,72.9677419,77.09677418,2131,0.332113386,0.05695258,1763.202624,6624554,186663,562046,106371
2020,7,8,2020/8/1,all,LA,20,5,Nicaragua,3745,2293.543998,26.147602,25.924887,81.27936,150.3291783,208.0737,19.89258065,29.03225806,0,0,0,0,0,0,50,108.2580645,83.2903226,72.516129,83.0645161,90.1612903,78.483871,81.5032258,3053,0.332113386,0.069861583,1763.202624,6624554,186663,562046,106371
2020,7,9,2020/9/1,all,LA,20,5,Nicaragua,3955,1859.811691,26.173822,25.872097,82.6086,173.7125852,192.2142,12.222,0,0,0,0,0,0,0,50,107.6666667,82.5,76.9666667,85.1666667,93.8333333,80.4333333,83.78,3745,0.332113386,0.073779055,1763.202624,6624554,186663,562046,106371
2020,7,10,2020/10/1,all,LA,20,5,Nicaragua,5052,2057.958572,25.56428,24.970785,86.43258,253.3939951,334.3366,8.33,0,0,0,0,0,0,0,25,105.5806452,90.1290323,83.0967742,80.8709677,100.483871,81.6774194,87.25161292,3955,0.332113386,0.094243182,1763.202624,6624554,186663,562046,106371
2020,7,11,2020/11/1,all,LA,20,5,Nicaragua,5847,1858.778728,24.788479,24.038464,86.5472,133.5372614,395.6901,8.33,0,0,0,0,0,0,0,25,106.0666667,91.7666667,83.2666667,79.5,102.3,86.3,88.62666668,5052,0.332113386,0.109073611,1763.202624,6624554,186663,562046,106371
2020,7,12,2020/12/1,all,LA,20,5,Nicaragua,3772,1552.262864,24.832478,24.195911,75.12513,25.37887049,38.00234,8.33,0,0,0,0,0,0,0,25,104.8709677,86.483871,103,98.0645161,121.1290323,101.2258065,101.9806452,5847,0.332113386,0.070365258,1763.202624,6624554,186663,562046,106371
2020,7,1,2020/1/1,all,LA,21,19,Panama,1872,1229.016727,25.19626,25.002205,83.27338,38.31176351,71.44825,2.866451613,0,0,0,0,0,0,0,8.064516129,100,100,100,100,100,100,100,2074,0.205423206,0.45995086,11910.15534,4314767,9856,47979,3002
2020,7,2,2020/2/1,all,LA,21,19,Panama,722,1250.605998,25.37233,25.443039,80.40089,25.23402909,44.96049,8.33,0,0,0,0,0,0,0,25,101.2666667,89.2,95.5333333,108.6666667,103.0666667,98.3333333,98.96,1872,0.205423206,0.177395577,11910.15534,4314767,9856,47979,3002
2020,7,3,2020/3/1,all,LA,21,19,Panama,330,513.2863586,25.52342,25.78876,76.28452,21.64451177,32.53738,42.05419355,64.51612903,43.01075269,61.29032258,45.96774194,0,16.12903226,29.03225806,55.64516129,117.3870968,73.9032258,67.4516129,63.6774194,81.7419355,62.9354839,69.9419355,722,0.205423206,0.081081081,11910.15534,4314767,9856,47979,3002
2020,7,4,2020/4/1,all,LA,21,19,Panama,144,416.9828008,26.0283,26.123524,81.56911,80.90886834,126.5789,91.204,100,100,100,75,93.33333333,66.66666667,100,85.83333333,139.6666667,26.3,20.9333333,26.8,37.9,17.5666667,25.9,330,0.205423206,0.035380835,11910.15534,4314767,9856,47979,3002
2020,7,5,2020/5/1,all,LA,21,19,Panama,167,480.5161202,26.08915,25.843857,87.78106,239.1958662,291.3586,91.24612903,100,79.56989247,100,75,100,66.66666667,100,100,135.516129,35.7741935,27.0645161,33.1290323,44.1612903,24.0967742,32.84516128,144,0.205423206,0.041031941,11910.15534,4314767,9856,47979,3002
2020,7,6,2020/6/1,all,LA,21,19,Panama,168,697.4880158,25.47347,25.263626,89.35221,290.8787227,347.5139,84.688,100,66.66666667,100,75,60,80.55555556,80,100,129.6666667,49.1666667,37.6,46.6666667,59.6,36.8666667,45.98000002,167,0.205423206,0.041277641,11910.15534,4314767,9856,47979,3002
2020,7,7,2020/7/1,all,LA,21,19,Panama,155,1135.438812,25.31884,24.971537,88.69428,277.6131036,353.4285,82.91387097,100,54.83870968,100,75,58.06451613,83.33333333,75,100,130.0967742,48.1290323,34.1290323,38.8387097,56.9354839,35.1935484,42.64516132,168,0.205423206,0.038083538,11910.15534,4314767,9856,47979,3002
2020,7,8,2020/8/1,all,LA,21,19,Panama,137,1101.200353,25.31687,24.981766,89.09919,287.3698836,404.8021,81.78,100,50.53763441,100,75,58.06451613,77.41935484,75,100,128.3225806,48.483871,35.4193548,40.7741935,55.3870968,36.7096774,43.3548387,155,0.205423206,0.033660934,11910.15534,4314767,9856,47979,3002
2020,7,9,2020/9/1,all,LA,21,19,Panama,101,1065.779303,25.12641,25.023397,89.0681,292.802659,373.9044,84.63066667,100,66.66666667,100,75,78.33333333,66.66666667,75,100,122.8333333,56.6333333,45.4,47.8,67.5333333,45.5333333,52.57999998,137,0.205423206,0.024815725,11910.15534,4314767,9856,47979,3002
2020,7,10,2020/10/1,all,LA,21,19,Panama,145,1208.231841,25.19712,24.928219,89.84158,279.6217439,385.2534,69.35580645,100,66.66666667,100,84.67741935,35.48387097,59.13978495,26.61290323,51.61290323,118.3225806,64.516129,55.1935484,48.3870968,75.7419355,53.4516129,59.45806452,101,0.205423206,0.035626536,11910.15534,4314767,9856,47979,3002
2020,7,11,2020/11/1,all,LA,21,19,Panama,95,1421.58682,24.72845,24.435766,89.74362,236.0272123,336.8413,58.33,100,66.66666667,100,100,0,33.33333333,0,25,117.9333333,65.7333333,56.9666667,46.7666667,78.7333333,57.6333333,61.16666666,145,0.205423206,0.023341523,11910.15534,4314767,9856,47979,3002
2020,7,12,2020/12/1,all,LA,21,19,Panama,34,1674.635509,24.79067,24.415934,86.84925,127.0511864,215.903,66.69741935,100,66.66666667,100,100,0,66.66666667,30.64516129,36.29032258,119.1612903,64.9677419,59.6129032,46.6451613,82.8387097,60.5483871,62.92258064,95,0.205423206,0.008353808,11910.15534,4314767,9856,47979,3002
2020,7,1,2020/1/1,all,LA,22,3,Peru,4289,5050.651084,18.72299,21.974897,79.35777,88.37304958,137.3655,0,0,0,0,0,0,0,0,0,100,100,100,100,100,100,100,3105,0.08621294,0.075786758,6486.634618,32971854,17709,205410,-11635
2020,7,2,2020/2/1,all,LA,22,3,Peru,5636,5729.333589,19.08212,22.318287,80.73311,91.98818717,140.9873,0,0,0,0,0,0,0,0,0,100,100.4,101.7333333,100.8666667,100,100.8,100.76,4289,0.08621294,0.099588288,6486.634618,32971854,17709,205410,-11635
2020,7,3,2020/3/1,all,LA,22,3,Peru,6159,6300.266057,19.12375,22.184486,78.66976,101.3013577,150.7626,58.51032258,64.51612903,51.61290323,64.51612903,59.67741935,27.41935484,51.61290323,56.4516129,63.70967742,119.2903226,64.6451613,57.3225806,60.9032258,73.8064516,57.516129,62.83870966,5636,0.08621294,0.108829714,6486.634618,32971854,17709,205410,-11635
2020,7,4,2020/4/1,all,LA,22,3,Peru,5327,7140.348598,18.33834,21.487103,75.36491,60.70302467,83.1526,94.44,100,100,100,100,50,100,100,100,137.9666667,26.2,15.7666667,24.6333333,35.5333333,16.6333333,23.75333332,6159,0.08621294,0.094128249,6486.634618,32971854,17709,205410,-11635
2020,7,5,2020/5/1,all,LA,22,3,Peru,3716,7319.461636,17.49294,20.28435,71.79318,40.60458256,56.81587,93.15903226,100,66.66666667,100,100,94.35483871,77.41935484,100,100,134.0967742,35.2580645,24.6451613,33.9032258,42.1290323,17.4516129,30.67741936,5327,0.08621294,0.065661831,6486.634618,32971854,17709,205410,-11635
2020,7,6,2020/6/1,all,LA,22,3,Peru,1227,5027.081535,16.40186,18.983973,67.20213,19.25688667,30.71987,89.81,100,66.66666667,100,100,75,66.66666667,100,100,128.9,46.4333333,35.9333333,46.6,56.4333333,26.5666667,42.39333332,3716,0.08621294,0.021681127,6486.634618,32971854,17709,205410,-11635
2020,7,7,2020/7/1,all,LA,22,3,Peru,1000,2863.11934,15.72593,18.335955,62.08184,25.59944698,35.4344,78.25580645,83.33333333,50,100,100,37.90322581,50,83.06451613,100,123.8064516,55.9032258,44.6451613,57.6774194,69,43.5806452,54.16129034,1227,0.08621294,0.01767003,6486.634618,32971854,17709,205410,-11635
2020,7,8,2020/8/1,all,LA,22,3,Peru,2184,1905.931839,15.92618,19.263777,61.16076,14.58665198,20.93603,83.87354839,83.33333333,60.75268817,100,100,75,60.75268817,75,100,122.7741935,57.4193548,43.8709677,56.516129,66.4193548,46.7741935,54.19999996,1000,0.08621294,0.038591345,6486.634618,32971854,17709,205410,-11635
2020,7,9,2020/9/1,all,LA,22,3,Peru,3498,1527.795837,16.23867,20.240032,66.84166,41.15361321,52.96845,85.19,83.33333333,66.66666667,100,100,75,66.66666667,75,100,121.4,61.0666667,47,59.0666667,68.8666667,49.7333333,57.14666668,2184,0.08621294,0.061809764,6486.634618,32971854,17709,205410,-11635
2020,7,10,2020/10/1,all,LA,22,3,Peru,6450,1790.88083,16.85937,20.947859,71.36839,55.02707343,70.72693,80.61645161,83.33333333,66.66666667,100,100,66.93548387,66.66666667,66.93548387,75,117.6774194,68.9677419,55.1612903,64.0967742,76.8709677,55.2580645,64.07096772,3498,0.08621294,0.113971693,6486.634618,32971854,17709,205410,-11635
2020,7,11,2020/11/1,all,LA,22,3,Peru,9779,2725.534115,17.22574,21.722446,67.1428,52.82520117,69.05242,71.046,60,51.11111111,100,88.33333333,36.66666667,66.66666667,73.33333333,63.33333333,116.2,73.8,57.9333333,67.1333333,79.3,60.6,67.75333332,6450,0.08621294,0.172795222,6486.634618,32971854,17709,205410,-11635
2020,7,12,2020/12/1,all,LA,22,3,Peru,7328,3319.330858,17.44542,20.599445,79.84424,96.89461365,152.7193,65.29064516,45.16129032,45.16129032,82.25806452,83.87096774,50,66.66666667,64.51612903,50,114.3225806,75.3225806,64.516129,73.3225806,90.483871,69.3225806,74.59354836,9779,0.08621294,0.129485979,6486.634618,32971854,17709,205410,-11635
2020,7,1,2020/1/1,all,LA,23,20,Venezuela,1296,7998.240048,25.28369,25.892864,74.5062,21.75767018,35.70531,0,0,0,0,0,0,0,0,0,100,100,100,100,100,100,100,1357,0.057497712,0.194594595,7697.05,28435940,16018,278585,-23780
2020,7,2,2020/2/1,all,LA,23,20,Venezuela,981,6562.074792,25.4138,26.075777,70.96188,14.16717264,21.01549,0.766206897,0,0,0,0,0,0,0,0,100.3333333,97.3333333,99.7333333,108.3333333,101.0666667,102.2666667,101.7466667,1296,0.057497712,0.147297297,7697.05,28435940,16018,278585,-23780
2020,7,3,2020/3/1,all,LA,23,20,Venezuela,534,4785.152296,25.60276,26.497313,69.48312,20.18110889,33.87071,52.15096774,51.61290323,51.07526882,64.51612903,40.32258065,0,40.86021505,61.29032258,59.67741935,110.4516129,79.0322581,69.2258065,73.7419355,84.483871,70.5483871,75.40645164,981,0.057497712,0.08018018,7697.05,28435940,16018,278585,-23780
2020,7,4,2020/4/1,all,LA,23,20,Venezuela,267,3772.15268,26.51684,27.33816,71.6043,33.02149869,42.13428,82.41,100,100,100,75,0,66.66666667,100,100,120.1666667,52.5666667,38.1333333,47.1666667,60.0666667,38.7666667,47.34000002,534,0.057497712,0.04009009,7697.05,28435940,16018,278585,-23780
2020,7,5,2020/5/1,all,LA,23,20,Venezuela,423,3926.914661,27.17507,27.63611,72.5182,48.26791678,60.31859,84.11387097,100,100,100,90.32258065,0,66.66666667,100,100,116.2580645,68.7419355,48.2903226,54.9032258,67.6129032,48.7096774,57.6516129,267,0.057497712,0.063513514,7697.05,28435940,16018,278585,-23780
2020,7,6,2020/6/1,all,LA,23,20,Venezuela,316,4742.564046,26.18952,26.428066,78.81831,99.2855864,123.7426,81.111,100,72.77777778,100,100,44.16666667,53.88888889,59.16666667,100,114.3333333,77.0666667,56.6333333,64.7333333,80.1,62.6333333,68.23333332,423,0.057497712,0.047447447,7697.05,28435940,16018,278585,-23780
2020,7,7,2020/7/1,all,LA,23,20,Venezuela,584,6247.360832,25.91808,26.384634,80.08925,114.6593031,136.1187,86.74,100,83.33333333,100,100,58.87096774,55.37634409,83.06451613,100,116.2258065,75.2258065,54.2258065,64.4193548,81.5806452,62.5483871,67.60000002,316,0.057497712,0.087687688,7697.05,28435940,16018,278585,-23780
2020,7,8,2020/8/1,all,LA,23,20,Venezuela,512,8355.409606,26.17687,26.621557,80.32565,129.2803363,169.3642,85.03580645,100,73.65591398,100,100,25,66.66666667,100,100,115.6129032,76.8709677,56.2903226,64.7096774,80.8064516,62.0967742,68.1548387,584,0.057497712,0.076876877,7697.05,28435940,16018,278585,-23780
2020,7,9,2020/9/1,all,LA,23,20,Venezuela,377,10385.56345,26.43561,26.951315,79.52013,118.7522184,136.5468,82.965,100,55,100,100,25,66.66666667,100,100,116.8666667,75.5666667,62.7333333,66.0333333,81.5,61.4333333,69.45333332,512,0.057497712,0.056606607,7697.05,28435940,16018,278585,-23780
2020,7,10,2020/10/1,all,LA,23,20,Venezuela,396,10406.84669,26.21626,26.850204,79.517,119.6832526,135.0794,86.28903226,100,84.94623656,100,100,25,66.66666667,100,100,113.3225806,79.9354839,69.8709677,70.6774194,93.1612903,66.4193548,76.01290322,377,0.057497712,0.059459459,7697.05,28435940,16018,278585,-23780
2020,7,11,2020/11/1,all,LA,23,20,Venezuela,516,7641.410441,25.36392,25.817165,83.90289,185.9275612,236.8475,86.11,100,83.33333333,100,100,25,66.66666667,100,100,112.6666667,87.2666667,80.9,75.3666667,100.5333333,75.2333333,83.86,396,0.057497712,0.077477477,7697.05,28435940,16018,278585,-23780
2020,7,12,2020/12/1,all,LA,23,20,Venezuela,458,8714.915804,25.02517,25.46813,79.40264,41.87902667,58.51768,85.93096774,100,81.72043011,100,100,25,66.66666667,100,100,111.3225806,88.3548387,98.1612903,91.2903226,112.7741935,85.8387097,95.28387096,516,0.057497712,0.068768769,7697.05,28435940,16018,278585,-23780
